mode,residual_strength,variant,K,split,E_rank,E_rank,E_dyn,E_dyn,dyn_better,dyn_better,C_rank,C_rank,C_dyn,C_dyn,C_util,C_util,C_rank_raw,C_rank_raw,C_dyn_raw,C_dyn_raw,rank_gain,rank_gain,dyn_gain,dyn_gain,util_gain,util_gain,rank_valid,rank_valid,dyn_valid,dyn_valid,utility_sensitive,utility_sensitive,utility_sensitivity,utility_sensitivity,Delta_C_dyn_eq,Delta_C_dyn_eq,sync_gap,sync_gap,rank_util_gap,rank_util_gap,dyn_util_gap,dyn_util_gap,dyn_after_eq,dyn_after_eq
,,,,,mean,std,mean,std,mean,std,mean,std,mean,std,mean,std,mean,std,mean,std,mean,std,mean,std,mean,std,mean,std,mean,std,mean,std,mean,std,mean,std,mean,std,mean,std,mean,std,mean,std
residual_bypass,0.0,original,8,id,1.7,1.567021236472421,3.1,3.478505426185217,0.2,0.4216370213557839,3.0,1.5634719199411433,4.4,3.3399933466334266,1.3,0.6749485577105528,3.0,1.5634719199411433,4.4,3.3399933466334266,1.0,0.0,0.9216237639172045,0.1776646849328605,0.4578263072916915,0.014246873870680887,1.0,0.0,1.0,0.0,1.0,0.0,0.4578263072916915,0.014246873870680887,1.4,3.565264521898917,1.8,3.359894178227774,1.7,1.567021236472421,3.1,3.478505426185217,0.4,0.5163977794943222
residual_bypass,0.0,original,8,ood_inverted,1.6,1.3498971154211057,3.6,3.238655413730965,0.0,0.0,3.1,1.5238839267549946,5.1,2.960855732160327,1.5,0.8498365855987975,3.1,1.5238839267549946,5.1,2.960855732160327,1.0,0.0,0.9288406185722407,0.17666804869378733,0.46465976372557244,0.01422229089906162,1.0,0.0,1.0,0.0,1.0,0.0,0.46465976372557244,0.01422229089906162,2.0,3.3333333333333335,2.0,3.3333333333333335,1.6,1.3498971154211057,3.6,3.238655413730965,0.6,0.5163977794943222
residual_bypass,0.0,original,8,ood_random,1.8,1.5491933384829668,3.0,2.0548046676563256,0.1,0.31622776601683794,3.1,1.5238839267549946,4.3,1.8287822299126937,1.3,0.6749485577105528,3.1,1.5238839267549946,4.3,1.8287822299126937,1.0,0.0,0.9261751372314629,0.17964181167249502,0.46958756417331227,0.012539868173924905,1.0,0.0,1.0,0.0,1.0,0.0,0.46958756417331227,0.012539868173924905,1.2,1.5491933384829668,1.4,1.3498971154211057,1.8,1.5491933384829668,3.0,2.0548046676563256,0.6,0.5163977794943222
residual_bypass,0.0,original,16,id,4.0,3.8297084310253524,3.2,4.541169697580374,0.5,0.5270462766947299,5.0,3.8297084310253524,4.2,4.541169697580374,1.0,0.0,5.0,3.8297084310253524,4.2,4.541169697580374,1.0,0.0,0.9859669575520114,0.01007066697170996,0.481293241343505,0.017567325047316066,1.0,0.0,1.0,0.0,1.0,0.0,0.481293241343505,0.017567325047316066,-0.8,2.250925735484551,1.6,1.7126976771553504,4.0,3.8297084310253524,3.2,4.541169697580374,0.1,0.31622776601683794
residual_bypass,0.0,original,16,ood_inverted,5.2,6.908931417616861,3.4,4.526465385804788,0.5,0.5270462766947299,6.2,6.908931417616861,4.4,4.526465385804788,1.0,0.0,6.2,6.908931417616861,4.4,4.526465385804788,1.0,0.0,0.9856543096276011,0.01076194016582099,0.46723697613603987,0.0202151959900509,1.0,0.0,1.0,0.0,1.0,0.0,0.46723697613603987,0.0202151959900509,-1.8,5.411920998027308,3.0,4.784233364802441,5.2,6.908931417616861,3.4,4.526465385804788,0.2,0.4216370213557839
residual_bypass,0.0,original,16,ood_random,5.0,6.976149845485449,3.5,4.813176359397884,0.5,0.5270462766947299,6.0,6.976149845485449,4.5,4.813176359397884,1.0,0.0,6.0,6.976149845485449,4.5,4.813176359397884,1.0,0.0,0.9872530667655962,0.009404797557221558,0.4839635249411588,0.01188842574747924,1.0,0.0,1.0,0.0,1.0,0.0,0.4839635249411588,0.01188842574747924,-1.5,5.70087712549569,3.3,4.78539444560216,5.0,6.976149845485449,3.5,4.813176359397884,0.2,0.4216370213557839
residual_bypass,0.1,original,8,id,,,,,,,10.4,9.912954487269003,11.6,8.085652588244054,,,10.4,9.912954487269003,11.6,8.085652588244054,0.8295863451449813,0.18506927044717142,0.6918365021419263,0.2994026071919947,0.007430270180730803,0.0056494247284288755,1.0,0.0,1.0,0.0,0.0,0.0,0.027670287250908858,0.00970091301052186,1.2,10.195859726161181,7.4,6.686636756330578,,,,,0.5,0.5270462766947299
residual_bypass,0.1,original,8,ood_inverted,16.666666666666668,5.853773711604051,12.666666666666666,7.941452428030195,0.5,0.5477225575051662,9.8,10.250203250017371,9.9,9.13418487514531,20.0,4.381780460041329,9.8,10.250203250017371,9.9,9.13418487514531,0.8807129268112129,0.15941375553786533,0.6953368224535318,0.3005608865876706,0.13132589562516628,0.04980336628888264,1.0,0.0,1.0,0.0,0.7,0.48304589153964794,0.17398099077613555,0.036664266979077015,0.1,12.939603291188387,9.3,8.446564061465729,16.666666666666668,5.853773711604051,12.666666666666666,7.941452428030195,0.4,0.5163977794943222
residual_bypass,0.1,original,8,ood_random,,,,,,,10.8,10.064238117656442,9.5,8.922505876216116,,,10.8,10.064238117656442,9.5,8.922505876216116,0.8220377957034216,0.19200662010523778,0.6869294869615344,0.2926594908656617,0.04855149866849035,0.016690463784001592,1.0,0.0,1.0,0.0,0.0,0.0,0.0577183885373335,0.01706551737495252,-1.3,12.570247058475465,8.7,8.70568141439192,,,,,0.4,0.5163977794943222
residual_bypass,0.1,original,16,id,,,,,,,12.4,7.691264886581112,12.4,7.691264886581111,,,12.4,7.691264886581112,12.4,7.691264886581111,0.8990694130603909,0.14463482733918212,0.7213372598003065,0.1718070317828591,0.013061973961444645,0.00811450139108972,1.0,0.0,1.0,0.0,0.0,0.0,0.033111521163977184,0.01288091159068452,0.0,7.0710678118654755,3.8,5.827139568909908,,,,,0.2,0.4216370213557839
residual_bypass,0.1,original,16,ood_inverted,11.0,7.810249675906654,11.285714285714286,8.077010290825141,0.2857142857142857,0.48795003647426666,12.2,7.927448797970533,9.85,9.392816404039845,21.142857142857142,5.0142653642240695,12.2,7.927448797970533,9.85,9.392816404039845,0.9238645832490622,0.12613473612850523,0.7024008591999263,0.20497124993981455,0.14542068239026196,0.05019587205745984,1.0,0.0,1.0,0.0,0.8,0.4216370213557839,0.19763723322756657,0.04199897134655912,-2.35,8.399900793064958,5.15,6.872044819411468,11.0,7.810249675906654,11.285714285714286,8.077010290825141,0.3,0.48304589153964794
residual_bypass,0.1,original,16,ood_random,,,,,,,13.1,7.4899933244296015,9.35,10.630276467607876,,,13.1,7.4899933244296015,9.35,10.630276467607876,0.8952303559286097,0.14892987506240693,0.6477074333940824,0.2011916724227909,0.04403208256848757,0.009954420342479299,1.0,0.0,1.0,0.0,0.0,0.0,0.058046589470753404,0.011848049884143898,-3.75,9.484636700123696,6.95,7.205129345743134,,,,,0.2,0.4216370213557839
residual_bypass,0.25,original,8,id,,,,,,,10.4,7.848566748139433,7.555555555555555,4.275251779460221,,,10.4,7.848566748139433,8.0,4.2687494916219,0.6719669605420406,0.27041118849330903,0.6853384649886519,0.2906569124730188,0.011544455795150755,0.009727037374896,1.0,0.0,1.0,0.0,0.0,0.0,0.024502755954196064,0.005286289477071429,-2.6666666666666665,7.106335201775948,5.777777777777778,4.576510072581994,,,,,0.3333333333333333,0.5
residual_bypass,0.25,original,8,ood_inverted,14.666666666666666,2.3094010767585034,11.666666666666666,7.505553499465135,0.3333333333333333,0.5773502691896258,10.4,6.040603354706289,7.111111111111111,3.9510898637098992,18.666666666666668,9.237604307034012,10.4,6.040603354706289,6.4,4.351245032554858,0.6984433284103531,0.23805599554139173,0.7299925628926723,0.25153424582496126,0.08719782746581209,0.06009539198784917,1.0,0.0,1.0,0.0,0.3,0.48304589153964794,0.13923126587846818,0.03358511070463992,-3.111111111111111,7.507403753036805,5.333333333333333,5.937171043518958,14.666666666666666,2.3094010767585034,11.666666666666666,7.505553499465135,0.2222222222222222,0.4409585518440985
residual_bypass,0.25,original,8,ood_random,,,,,,,10.3,8.056053624449131,7.1,4.280446497997869,,,10.3,8.056053624449131,7.1,4.280446497997869,0.6937762841979561,0.24985556055067318,0.7043640269977629,0.2627997039784835,0.029587225854604732,0.015667014264539536,1.0,0.0,1.0,0.0,0.0,0.0,0.04198986818832303,0.013422127562475274,-3.2,9.150591966279194,6.0,7.423685817106696,,,,,0.2,0.4216370213557839
residual_bypass,0.25,original,16,id,,,,,,,14.4,6.8507907086214015,12.7,9.90005611656374,,,14.4,6.8507907086214015,12.7,9.90005611656374,0.8424176570400654,0.1255083795680371,0.6868929360191132,0.24203263664671945,0.01069327199453508,0.00481741876119938,1.0,0.0,1.0,0.0,0.0,0.0,0.025091653611299336,0.006681879551699569,-1.7,10.509783801561074,8.1,6.384877968032487,,,,,0.2,0.42163702135578396
residual_bypass,0.25,original,16,ood_inverted,4.666666666666667,5.033222956847167,13.0,7.0,0.0,0.0,14.8,6.545566777937908,11.3,9.141480551128831,14.0,11.135528725660043,14.8,6.545566777937908,11.3,9.141480551128831,0.8364068040357449,0.11339972248346271,0.6925261647544539,0.2783477805733619,0.08391654430058086,0.06268088141445123,1.0,0.0,1.0,0.0,0.5,0.5270462766947299,0.1404501574562566,0.04119114273070798,-3.5,8.343327340522551,5.9,6.6741624526560965,4.666666666666667,5.033222956847167,13.0,7.0,0.1,0.31622776601683794
residual_bypass,0.25,original,16,ood_random,,,,,,,12.8,6.196773353931867,9.1,10.332795684937675,,,12.8,6.196773353931867,9.1,10.332795684937675,0.8499080508726671,0.11459778305419895,0.6126097801759899,0.28606224457847707,0.026993816816341182,0.018885417084471747,1.0,0.0,1.0,0.0,0.0,0.0,0.04131328555715278,0.010687306945840944,-3.7,11.681419244062578,10.1,6.190494505467412,,,,,0.2,0.42163702135578396
residual_bypass,0.5,original,8,id,,,,,,,19.11111111111111,7.423685817106697,9.3,6.2012543533994435,,,17.2,9.247221805013174,9.3,6.2012543533994435,0.6310270636094171,0.32401540168780135,0.7624626954221172,0.2063581529783898,0.007012713676907201,0.005592894364635348,1.0,0.0,1.0,0.0,0.0,0.0,0.026412023951342893,0.006584872408995523,-11.444444444444445,7.747759532779639,11.444444444444445,7.747759532779639,,,,,0.0,0.0
residual_bypass,0.5,original,8,ood_inverted,9.5,13.435028842544403,4.0,5.656854249492381,0.5,0.7071067811865476,18.666666666666668,6.6332495807108,9.9,6.026792034094276,10.5,7.7781745930520225,18.4,6.310485101972924,9.9,6.026792034094276,0.6320670349264279,0.2613960889338806,0.7787162670951941,0.2257865127759753,0.07328431965298159,0.04913371348139278,1.0,0.0,1.0,0.0,0.2,0.42163702135578396,0.1591688146792152,0.04216188821016737,-9.0,9.17877987534291,10.777777777777779,6.685390373377193,9.5,13.435028842544403,4.0,5.656854249492381,0.1111111111111111,0.33333333333333337
residual_bypass,0.5,original,8,ood_random,,,,,,,18.0,7.831560082980487,9.4,6.397916327472042,,,18.0,7.831560082980487,9.4,6.397916327472042,0.6074916673583141,0.25237930407812764,0.7578800716158781,0.25159641447898357,0.02487630625831836,0.009281768130047257,1.0,0.0,1.0,0.0,0.0,0.0,0.039710355397535035,0.01250947296350323,-8.6,10.243697249203207,11.0,7.2571803523590805,,,,,0.1,0.31622776601683794
residual_bypass,0.5,original,16,id,,,,,,,20.4,6.09553570701998,10.0,5.011098792790969,,,20.4,6.09553570701998,10.0,5.011098792790969,0.8307794177170393,0.17767106004091193,0.7897334707469637,0.16615471092966988,0.014598757350359686,0.012579772470547911,1.0,0.0,1.0,0.0,0.0,0.0,0.0248147639039722,0.008534546623754611,-10.4,6.866990283636315,11.2,5.287301349039561,,,,,0.1,0.31622776601683794
residual_bypass,0.5,original,16,ood_inverted,12.25,3.304037933599835,11.25,9.03234926989282,0.5,0.5773502691896257,17.6,7.105553383719589,8.9,6.081849134012524,13.75,8.73212459828649,17.6,7.105553383719589,8.9,6.081849134012524,0.8052950587569205,0.19085995185069204,0.7938139385551645,0.16040777362895386,0.10596929151076036,0.058932162724628596,1.0,0.0,1.0,0.0,0.4,0.5163977794943222,0.14921695476847383,0.0423935692484523,-8.7,5.888784066153027,9.5,4.301162633521313,12.25,3.304037933599835,11.25,9.03234926989282,0.1,0.31622776601683794
residual_bypass,0.5,original,16,ood_random,,,,,,,20.8,5.266244708835067,7.5,7.457285773732365,,,20.8,5.266244708835067,7.5,7.457285773732365,0.8279048860712047,0.1800824497386886,0.7117910544150343,0.19424199657728344,0.026821840567411805,0.016767678477611462,1.0,0.0,1.0,0.0,0.0,0.0,0.038621703516106526,0.013224931006756785,-13.3,9.463966751139115,14.1,8.075339690137568,,,,,0.1,0.31622776601683794
residual_bypass,1.0,original,8,id,,,,,,,21.2,4.638007234913623,16.8,7.955431408094026,,,21.2,4.638007234913623,16.8,7.955431408094026,0.818332808055216,0.18320999787988407,0.7142202235007433,0.1798251794921318,0.010964230820756949,0.008336634303562096,1.0,0.0,1.0,0.0,0.0,0.0,0.020539612942363495,0.005126091787672355,-4.4,10.057611821677925,8.4,6.65331997326648,,,,,0.2,0.42163702135578396
residual_bypass,1.0,original,8,ood_inverted,12.0,,0.0,,1.0,,19.6,4.788875998951458,13.2,8.243515970479804,24.0,,19.6,4.788875998951458,13.2,8.243515970479804,0.8191786584732814,0.2021125329915636,0.7271583847437919,0.17187616728179936,0.07208276688059671,0.046191522460777394,1.0,0.0,1.0,0.0,0.4,0.5163977794943222,0.14826707681653775,0.04306658849525856,-6.4,11.432896007185192,12.0,4.0276819911981905,12.0,,0.0,,0.3,0.48304589153964794
residual_bypass,1.0,original,8,ood_random,,,,,,,20.4,4.788875998951459,12.3,7.0561242115547325,,,20.4,4.788875998951459,12.3,7.0561242115547325,0.8138760892778466,0.18227549753605446,0.7060077807864922,0.2048823172054014,0.016853747920708578,0.014608913535977512,1.0,0.0,1.0,0.0,0.0,0.0,0.034970399439389,0.011061058464704272,-8.1,10.289692793168209,11.3,6.074537019394976,,,,,0.2,0.42163702135578396
residual_bypass,1.0,original,16,id,,,,,,,24.0,0.0,7.7,6.074537019394976,,,24.0,0.0,7.7,6.074537019394976,0.6368656635847512,0.2160642099260925,0.688026173484568,0.2169205541741067,0.00684245235788441,0.0073317143494319005,1.0,0.0,1.0,0.0,0.0,0.0,0.021355482069262927,0.006340662560802118,-16.3,6.074537019394976,16.3,6.074537019394976,,,,,0.0,0.0
residual_bypass,1.0,original,16,ood_inverted,,,,,,,23.2,2.5298221281347044,7.7,6.23698645180507,,,23.2,2.5298221281347044,7.7,6.23698645180507,0.6842754279257617,0.18862474456923592,0.6979460800877134,0.25019466426569253,0.06207315855210618,0.03963130456178199,1.0,0.0,1.0,0.0,0.1,0.31622776601683794,0.15301527107376917,0.04504342365224562,-15.5,6.363961030678928,15.5,6.363961030678928,,,,,0.0,0.0
residual_bypass,1.0,original,16,ood_random,,,,,,,22.8,3.794733192202055,3.2222222222222223,1.4813657362192647,,,22.8,3.794733192202055,3.2,1.398411797560202,0.6929842120737572,0.14979283158146822,0.6345032828365205,0.26908813386210917,0.020712183141646245,0.011718506343181206,1.0,0.0,1.0,0.0,0.0,0.0,0.03652738209817551,0.01262321923470371,-19.444444444444443,3.811532208676424,19.444444444444443,3.811532208676424,,,,,0.0,0.0
