mode,residual_strength,variant,K,split,n,C_rank_mean,C_rank_std,C_dyn_mean,C_dyn_std,delta_mean,delta_std,abs_delta_mean,abs_delta_std,sync_rate,negative_delta_rate,positive_delta_rate,early_dyn_rate,late_rank_rate,early_dyn_late_rank_rate,rank_gain_mean,dyn_gain_mean,util_gain_mean,rank_valid_rate,dyn_valid_rate,utility_sensitive_rate
residual_bypass,0.0,original,8,id,10,3.0,1.5634719199411433,4.4,3.3399933466334266,1.4,3.565264521898917,1.8,3.359894178227774,0.8,0.2,0.4,0.3,0.0,0.0,1.0,0.9216237639172045,0.4578263072916915,1.0,1.0,1.0
residual_bypass,0.0,original,8,ood_inverted,10,3.1,1.5238839267549946,5.1,2.960855732160327,2.0,3.3333333333333335,2.0,3.3333333333333335,0.6,0.0,0.6,0.1,0.0,0.0,1.0,0.9288406185722407,0.46465976372557244,1.0,1.0,1.0
residual_bypass,0.0,original,8,ood_random,10,3.1,1.5238839267549946,4.3,1.8287822299126937,1.2,1.5491933384829668,1.4,1.3498971154211057,0.6,0.1,0.6,0.2,0.0,0.0,1.0,0.9261751372314629,0.46958756417331227,1.0,1.0,1.0
residual_bypass,0.0,original,16,id,10,5.0,3.8297084310253524,4.2,4.541169697580374,-0.8,2.250925735484551,1.6,1.7126976771553504,0.6,0.5,0.1,0.6,0.2,0.0,1.0,0.9859669575520114,0.481293241343505,1.0,1.0,1.0
residual_bypass,0.0,original,16,ood_inverted,10,6.2,6.908931417616861,4.4,4.526465385804788,-1.8,5.411920998027308,3.0,4.784233364802441,0.5,0.5,0.2,0.6,0.2,0.0,1.0,0.9856543096276011,0.46723697613603987,1.0,1.0,1.0
residual_bypass,0.0,original,16,ood_random,10,6.0,6.976149845485449,4.5,4.813176359397884,-1.5,5.70087712549569,3.3,4.78539444560216,0.4,0.5,0.2,0.6,0.2,0.0,1.0,0.9872530667655962,0.4839635249411588,1.0,1.0,1.0
residual_bypass,0.1,original,8,id,10,10.4,9.912954487269003,11.6,8.085652588244054,1.2,10.195859726161181,7.4,6.686636756330578,0.2,0.3,0.5,0.2,0.5,0.1,0.8295863451449813,0.6918365021419263,0.007430270180730803,1.0,1.0,0.0
residual_bypass,0.1,original,8,ood_inverted,10,9.8,10.250203250017371,9.9,9.13418487514531,0.1,12.939603291188387,9.3,8.446564061465729,0.3,0.4,0.4,0.4,0.4,0.2,0.8807129268112129,0.6953368224535318,0.13132589562516628,1.0,1.0,0.7
residual_bypass,0.1,original,8,ood_random,10,10.8,10.064238117656442,9.5,8.922505876216116,-1.3,12.570247058475465,8.7,8.70568141439192,0.3,0.4,0.4,0.4,0.5,0.2,0.8220377957034216,0.6869294869615344,0.04855149866849035,1.0,1.0,0.0
residual_bypass,0.1,original,16,id,10,12.4,7.691264886581112,12.4,7.691264886581111,0.0,7.0710678118654755,3.8,5.827139568909908,0.6,0.2,0.2,0.1,0.7,0.0,0.8990694130603909,0.7213372598003065,0.013061973961444645,1.0,1.0,0.0
residual_bypass,0.1,original,16,ood_inverted,10,12.2,7.927448797970533,9.85,9.392816404039845,-2.35,8.399900793064958,5.15,6.872044819411468,0.3,0.5,0.3,0.3,0.7,0.2,0.9238645832490622,0.7024008591999263,0.14542068239026196,1.0,1.0,0.8
residual_bypass,0.1,original,16,ood_random,10,13.1,7.4899933244296015,9.35,10.630276467607876,-3.75,9.484636700123696,6.95,7.205129345743134,0.3,0.6,0.2,0.5,0.8,0.4,0.8952303559286097,0.6477074333940824,0.04403208256848757,1.0,1.0,0.0
residual_bypass,0.25,original,8,id,9,10.4,7.848566748139433,7.555555555555555,4.275251779460221,-2.6666666666666665,7.106335201775948,5.777777777777778,4.576510072581994,0.0,0.6,0.3,0.0,0.6,0.0,0.6719669605420406,0.6853384649886519,0.011544455795150755,1.0,1.0,0.0
residual_bypass,0.25,original,8,ood_inverted,9,10.4,6.040603354706289,7.111111111111111,3.9510898637098992,-3.111111111111111,7.507403753036805,5.333333333333333,5.937171043518958,0.2,0.5,0.2,0.0,0.8,0.0,0.6984433284103531,0.7299925628926723,0.08719782746581209,1.0,1.0,0.3
residual_bypass,0.25,original,8,ood_random,10,10.3,8.056053624449131,7.1,4.280446497997869,-3.2,9.150591966279194,6.0,7.423685817106696,0.3,0.5,0.2,0.0,0.5,0.0,0.6937762841979561,0.7043640269977629,0.029587225854604732,1.0,1.0,0.0
residual_bypass,0.25,original,16,id,10,14.4,6.8507907086214015,12.7,9.90005611656374,-1.7,10.509783801561074,8.1,6.384877968032487,0.2,0.6,0.2,0.1,1.0,0.1,0.8424176570400654,0.6868929360191132,0.01069327199453508,1.0,1.0,0.0
residual_bypass,0.25,original,16,ood_inverted,10,14.8,6.545566777937908,11.3,9.141480551128831,-3.5,8.343327340522551,5.9,6.6741624526560965,0.3,0.6,0.1,0.0,1.0,0.0,0.8364068040357449,0.6925261647544539,0.08391654430058086,1.0,1.0,0.5
residual_bypass,0.25,original,16,ood_random,10,12.8,6.196773353931867,9.1,10.332795684937675,-3.7,11.681419244062578,10.1,6.190494505467412,0.1,0.7,0.2,0.3,1.0,0.3,0.8499080508726671,0.6126097801759899,0.026993816816341182,1.0,1.0,0.0
residual_bypass,0.5,original,8,id,9,19.11111111111111,7.423685817106697,9.3,6.2012543533994435,-11.444444444444445,7.747759532779639,11.444444444444445,7.747759532779639,0.1,0.8,0.0,0.0,0.9,0.0,0.6310270636094171,0.7624626954221172,0.007012713676907201,1.0,1.0,0.0
residual_bypass,0.5,original,8,ood_inverted,9,18.666666666666668,6.6332495807108,9.9,6.026792034094276,-9.0,9.17877987534291,10.777777777777779,6.685390373377193,0.0,0.8,0.1,0.0,0.9,0.0,0.6320670349264279,0.7787162670951941,0.07328431965298159,1.0,1.0,0.2
residual_bypass,0.5,original,8,ood_random,10,18.0,7.831560082980487,9.4,6.397916327472042,-8.6,10.243697249203207,11.0,7.2571803523590805,0.1,0.8,0.1,0.0,1.0,0.0,0.6074916673583141,0.7578800716158781,0.02487630625831836,1.0,1.0,0.0
residual_bypass,0.5,original,16,id,10,20.4,6.09553570701998,10.0,5.011098792790969,-10.4,6.866990283636315,11.2,5.287301349039561,0.0,0.9,0.1,0.1,1.0,0.1,0.8307794177170393,0.7897334707469637,0.014598757350359686,1.0,1.0,0.0
residual_bypass,0.5,original,16,ood_inverted,10,17.6,7.105553383719589,8.9,6.081849134012524,-8.7,5.888784066153027,9.5,4.301162633521313,0.0,0.9,0.1,0.1,1.0,0.1,0.8052950587569205,0.7938139385551645,0.10596929151076036,1.0,1.0,0.4
residual_bypass,0.5,original,16,ood_random,10,20.8,5.266244708835067,7.5,7.457285773732365,-13.3,9.463966751139115,14.1,8.075339690137568,0.1,0.8,0.1,0.1,1.0,0.1,0.8279048860712047,0.7117910544150343,0.026821840567411805,1.0,1.0,0.0
residual_bypass,1.0,original,8,id,10,21.2,4.638007234913623,16.8,7.955431408094026,-4.4,10.057611821677925,8.4,6.65331997326648,0.3,0.5,0.2,0.0,1.0,0.0,0.818332808055216,0.7142202235007433,0.010964230820756949,1.0,1.0,0.0
residual_bypass,1.0,original,8,ood_inverted,10,19.6,4.788875998951458,13.2,8.243515970479804,-6.4,11.432896007185192,12.0,4.0276819911981905,0.0,0.7,0.3,0.0,1.0,0.0,0.8191786584732814,0.7271583847437919,0.07208276688059671,1.0,1.0,0.4
residual_bypass,1.0,original,8,ood_random,10,20.4,4.788875998951459,12.3,7.0561242115547325,-8.1,10.289692793168209,11.3,6.074537019394976,0.1,0.7,0.2,0.0,1.0,0.0,0.8138760892778466,0.7060077807864922,0.016853747920708578,1.0,1.0,0.0
residual_bypass,1.0,original,16,id,10,24.0,0.0,7.7,6.074537019394976,-16.3,6.074537019394976,16.3,6.074537019394976,0.1,0.9,0.0,0.0,1.0,0.0,0.6368656635847512,0.688026173484568,0.00684245235788441,1.0,1.0,0.0
residual_bypass,1.0,original,16,ood_inverted,10,23.2,2.5298221281347044,7.7,6.23698645180507,-15.5,6.363961030678928,15.5,6.363961030678928,0.1,0.9,0.0,0.0,1.0,0.0,0.6842754279257617,0.6979460800877134,0.06207315855210618,1.0,1.0,0.1
residual_bypass,1.0,original,16,ood_random,9,22.8,3.794733192202055,3.2222222222222223,1.4813657362192647,-19.444444444444443,3.811532208676424,19.444444444444443,3.811532208676424,0.0,0.9,0.0,0.3,1.0,0.3,0.6929842120737572,0.6345032828365205,0.020712183141646245,1.0,1.0,0.0
