residual_strength,variant,K,split,n,C_rank_q90_mean,C_dyn_q90_mean,C_util_q90_mean,delta_mean,sync_gap_mean,sync_rate,negative_delta_rate,positive_delta_rate,utility_sensitivity_mean,utility_sensitive_rate,dyn_util_gap_mean,rank_util_gap_mean,residual_var_ratio_mean,residual_norm_ratio_mean
0.0,original,8,id,10,3.0,4.4,1.3,1.4,1.8,0.8,0.2,0.4,0.4578263072916915,1.0,3.1,1.7,,
0.0,original,8,ood_inverted,10,3.1,5.1,1.5,2.0,2.0,0.6,0.0,0.6,0.46465976372557244,1.0,3.6,1.6,,
0.0,original,8,ood_random,10,3.1,4.3,1.3,1.2,1.4,0.6,0.1,0.6,0.46958756417331227,1.0,3.0,1.8,,
0.0,original,16,id,10,5.0,4.2,1.0,-0.8,1.6,0.6,0.5,0.1,0.481293241343505,1.0,3.2,4.0,,
0.0,original,16,ood_inverted,10,6.2,4.4,1.0,-1.8,3.0,0.5,0.5,0.2,0.46723697613603987,1.0,3.4,5.2,,
0.0,original,16,ood_random,10,6.0,4.5,1.0,-1.5,3.3,0.4,0.5,0.2,0.4839635249411588,1.0,3.5,5.0,,
0.1,original,8,id,10,10.4,11.6,,1.2,7.4,0.2,0.3,0.5,0.027670287250908858,0.0,,,,
0.1,original,8,ood_inverted,10,9.8,9.9,20.0,0.1,9.3,0.3,0.4,0.4,0.17398099077613555,0.7,12.666666666666666,16.666666666666668,,
0.1,original,8,ood_random,10,10.8,9.5,,-1.3,8.7,0.3,0.4,0.4,0.0577183885373335,0.0,,,,
0.1,original,16,id,10,12.4,12.4,,0.0,3.8,0.6,0.2,0.2,0.033111521163977184,0.0,,,,
0.1,original,16,ood_inverted,10,12.2,9.85,21.142857142857142,-2.35,5.15,0.3,0.5,0.3,0.19763723322756657,0.8,11.285714285714286,11.0,,
0.1,original,16,ood_random,10,13.1,9.35,,-3.75,6.95,0.3,0.6,0.2,0.058046589470753404,0.0,,,,
0.25,original,8,id,9,10.4,7.555555555555555,,-2.6666666666666665,5.777777777777778,0.0,0.6,0.3,0.024502755954196064,0.0,,,,
0.25,original,8,ood_inverted,9,10.4,7.111111111111111,18.666666666666668,-3.111111111111111,5.333333333333333,0.2,0.5,0.2,0.13923126587846818,0.3,11.666666666666666,14.666666666666666,,
0.25,original,8,ood_random,10,10.3,7.1,,-3.2,6.0,0.3,0.5,0.2,0.04198986818832303,0.0,,,,
0.25,original,16,id,10,14.4,12.7,,-1.7,8.1,0.2,0.6,0.2,0.025091653611299336,0.0,,,,
0.25,original,16,ood_inverted,10,14.8,11.3,14.0,-3.5,5.9,0.3,0.6,0.1,0.1404501574562566,0.5,13.0,4.666666666666667,,
0.25,original,16,ood_random,10,12.8,9.1,,-3.7,10.1,0.1,0.7,0.2,0.04131328555715278,0.0,,,,
0.5,original,8,id,9,19.11111111111111,9.3,,-11.444444444444445,11.444444444444445,0.1,0.8,0.0,0.026412023951342893,0.0,,,,
0.5,original,8,ood_inverted,9,18.666666666666668,9.9,10.5,-9.0,10.777777777777779,0.0,0.8,0.1,0.1591688146792152,0.2,4.0,9.5,,
0.5,original,8,ood_random,10,18.0,9.4,,-8.6,11.0,0.1,0.8,0.1,0.039710355397535035,0.0,,,,
0.5,original,16,id,10,20.4,10.0,,-10.4,11.2,0.0,0.9,0.1,0.0248147639039722,0.0,,,,
0.5,original,16,ood_inverted,10,17.6,8.9,13.75,-8.7,9.5,0.0,0.9,0.1,0.14921695476847383,0.4,11.25,12.25,,
0.5,original,16,ood_random,10,20.8,7.5,,-13.3,14.1,0.1,0.8,0.1,0.038621703516106526,0.0,,,,
1.0,original,8,id,10,21.2,16.8,,-4.4,8.4,0.3,0.5,0.2,0.020539612942363495,0.0,,,,
1.0,original,8,ood_inverted,10,19.6,13.2,24.0,-6.4,12.0,0.0,0.7,0.3,0.14826707681653775,0.4,0.0,12.0,,
1.0,original,8,ood_random,10,20.4,12.3,,-8.1,11.3,0.1,0.7,0.2,0.034970399439389,0.0,,,,
1.0,original,16,id,10,24.0,7.7,,-16.3,16.3,0.1,0.9,0.0,0.021355482069262927,0.0,,,,
1.0,original,16,ood_inverted,10,23.2,7.7,,-15.5,15.5,0.1,0.9,0.0,0.15301527107376917,0.1,,,,
1.0,original,16,ood_random,9,22.8,3.2222222222222223,,-19.444444444444443,19.444444444444443,0.0,0.9,0.0,0.03652738209817551,0.0,,,,
