residual_strength,variant,split,n,sync_gap_mean,sync_rate_mean,utility_sensitivity_mean,negative_delta_rate_mean,positive_delta_rate_mean,dyn_util_gap_mean,rank_util_gap_mean
0.0,original,id,20,1.7000000000000002,0.7,0.4695597743175982,0.35,0.25,3.1500000000000004,2.85
0.0,original,ood_inverted,20,2.5,0.55,0.4659483699308061,0.25,0.4,3.5,3.4000000000000004
0.0,original,ood_random,20,2.3499999999999996,0.5,0.47677554455723553,0.3,0.4,3.25,3.4
0.1,original,id,20,5.6,0.4,0.03039090420744302,0.25,0.35,,
0.1,original,ood_inverted,20,7.2250000000000005,0.3,0.18580911200185107,0.45,0.35,11.976190476190476,13.833333333333334
0.1,original,ood_random,20,7.824999999999999,0.3,0.057882489004043455,0.5,0.30000000000000004,,
0.25,original,id,19,6.938888888888888,0.1,0.0247972047827477,0.6,0.25,,
0.25,original,ood_inverted,19,5.616666666666667,0.25,0.1398407116673624,0.55,0.15000000000000002,12.333333333333332,9.666666666666666
0.25,original,ood_random,20,8.05,0.2,0.041651576872737905,0.6,0.2,,
0.5,original,id,19,11.322222222222223,0.05,0.025613393927657546,0.8500000000000001,0.05,,
0.5,original,ood_inverted,19,10.13888888888889,0.0,0.15419288472384451,0.8500000000000001,0.1,7.625,10.875
0.5,original,ood_random,20,12.55,0.1,0.03916602945682078,0.8,0.1,,
1.0,original,id,20,12.350000000000001,0.2,0.02094754750581321,0.7,0.1,,
1.0,original,ood_inverted,20,13.75,0.05,0.15064117394515347,0.8,0.15,0.0,12.0
1.0,original,ood_random,19,15.372222222222222,0.05,0.03574889076878225,0.8,0.1,,
