mode,residual_lambda,variant,residual_strength,seed,K,split,C_rank,C_dyn,C_util,C_rank_raw,C_dyn_raw,rank_gain,dyn_gain,util_gain,rank_valid,dyn_valid,utility_sensitive,utility_sensitivity,residual_var_ratio,residual_norm_ratio,Delta_C_dyn_eq,sync_gap,dyn_after_eq,rank_util_gap,dyn_util_gap,E_rank,E_dyn,dyn_better
fixed_model,0.0,original,0.0,0,8,id,1.0,1.0,2.0,1.0,1.0,1.0,1.0,0.43451652386780903,1.0,1.0,1.0,0.43451652386780903,,,0.0,0.0,0.0,1.0,1.0,1.0,1.0,0.0
fixed_model,0.0,original,0.0,0,8,ood_inverted,1.0,1.0,2.0,1.0,1.0,1.0,1.0,0.4319387153800824,1.0,1.0,1.0,0.4319387153800824,,,0.0,0.0,0.0,1.0,1.0,1.0,1.0,0.0
fixed_model,0.1,original,0.1,0,8,id,5.0,3.0,,5.0,3.0,1.0,1.0,0.09179926560587509,1.0,1.0,0.0,0.09179926560587509,,,-2.0,2.0,0.0,,,,,
fixed_model,0.1,original,0.1,0,8,ood_inverted,5.0,5.0,8.0,5.0,5.0,1.0,1.0,0.384207424867413,1.0,1.0,1.0,0.384207424867413,,,0.0,0.0,0.0,3.0,3.0,3.0,3.0,0.0
fixed_model,0.5,original,0.5,0,8,id,8.0,5.0,,8.0,5.0,1.0,1.0,0.07099143206854336,1.0,1.0,0.0,0.07099143206854336,,,-3.0,3.0,0.0,,,,,
fixed_model,0.5,original,0.5,0,8,ood_inverted,8.0,3.0,8.0,8.0,3.0,1.0,1.0,0.4272245138479669,1.0,1.0,1.0,0.4272245138479669,,,-5.0,5.0,0.0,0.0,5.0,0.0,5.0,0.0
fixed_model,1.0,original,1.0,0,8,id,8.0,8.0,8.0,8.0,8.0,1.0,1.0,0.28763769889840873,1.0,1.0,1.0,0.28763769889840873,,,0.0,0.0,0.0,0.0,0.0,0.0,0.0,0.0
fixed_model,1.0,original,1.0,0,8,ood_inverted,8.0,5.0,8.0,8.0,5.0,1.0,1.0,0.3971714790807307,1.0,1.0,1.0,0.3971714790807307,,,-3.0,3.0,0.0,0.0,3.0,0.0,3.0,0.0
fixed_model,0.0,original,0.0,1,8,id,1.0,2.0,2.0,1.0,2.0,1.0,1.0,0.441566265060241,1.0,1.0,1.0,0.441566265060241,,,1.0,1.0,1.0,1.0,0.0,1.0,0.0,1.0
fixed_model,0.0,original,0.0,1,8,ood_inverted,1.0,2.0,2.0,1.0,2.0,1.0,1.0,0.4093637454981993,1.0,1.0,1.0,0.4093637454981993,,,1.0,1.0,1.0,1.0,0.0,1.0,0.0,1.0
fixed_model,0.1,original,0.1,1,8,id,8.0,3.0,,8.0,3.0,1.0,1.0,0.047590361445783214,1.0,1.0,0.0,0.047590361445783214,,,-5.0,5.0,0.0,,,,,
fixed_model,0.1,original,0.1,1,8,ood_inverted,8.0,5.0,8.0,8.0,5.0,1.0,1.0,0.21668667466986805,1.0,1.0,1.0,0.21668667466986805,,,-3.0,3.0,0.0,0.0,3.0,0.0,3.0,0.0
fixed_model,0.5,original,0.5,1,8,id,8.0,8.0,,8.0,8.0,0.9993576123391132,0.7500000000000275,0.01927710843373487,1.0,1.0,0.0,0.01927710843373487,,,0.0,0.0,0.0,,,,,
fixed_model,0.5,original,0.5,1,8,ood_inverted,8.0,8.0,8.0,8.0,8.0,1.0,1.0,0.11164465786314517,1.0,1.0,1.0,0.11164465786314517,,,0.0,0.0,0.0,0.0,0.0,0.0,0.0,0.0
fixed_model,1.0,original,1.0,1,8,id,8.0,8.0,,8.0,8.0,0.9876572346339579,1.0,0.04216867469879526,1.0,1.0,0.0,0.04216867469879526,,,0.0,0.0,0.0,,,,,
fixed_model,1.0,original,1.0,1,8,ood_inverted,8.0,3.0,8.0,8.0,3.0,1.0,0.39534883720930825,0.15906362545018005,1.0,1.0,1.0,0.15906362545018005,,,-5.0,5.0,0.0,0.0,5.0,0.0,5.0,0.0
