action_acc,outcome_acc,majority_acc,utility,erank,erank_norm,code_ppl,code_ppl_frac,nmi_action,nmi_outcome,nmi_upper,nmi_lower,transition_acc,transition_majority,transition_acc_gain,transition_head_acc,transition_head_majority,transition_head_gain,seed,mode,residual_lambda,residual_strength,variant,K,C,train_C,split,rank_score,dyn_score_no_trans,dyn_score_simple,dyn_score
0.4680989583333333,0.11067708333333333,0.4680989583333333,0.0,0.0,0.0,6.492308586160558,0.8115385732700697,0.2522585422493831,0.46676655707014314,0.9580188257718847,0.062429297102613836,0.82421875,0.24751420454545456,0.7663992449268523,0.11186079545454546,0.24751420454545456,-0.18027371401604536,0,fixed_model,0.0,0.0,original,8,0.0,8.0,id,0.0,0.0,0.0,0.0
0.4475911458333333,0.12076822916666667,0.4475911458333333,0.0,0.0,0.0,6.611186794733746,0.8263983493417183,0.23687647046964524,0.4643105580314996,0.9510892466989985,0.05998128744424145,0.8231534090909091,0.23970170454545456,0.7673984119570294,0.12144886363636363,0.23970170454545456,-0.15553479682391408,0,fixed_model,0.0,0.0,original,8,0.0,8.0,ood_inverted,0.0,0.0,0.0,0.0
0.6061197916666666,0.5992838541666666,0.4680989583333333,0.259485924112607,5.257295312025027,0.3285809570015642,6.492308586160558,0.8115385732700697,0.2522585422493831,0.46676655707014314,0.9580188257718847,0.062429297102613836,0.82421875,0.24751420454545456,0.7663992449268523,0.82421875,0.24751420454545456,0.7663992449268523,0,fixed_model,0.0,0.0,original,8,0.5,8.0,id,0.9999999979740526,0.0,0.0,1.0
0.5738932291666666,0.6012369791666666,0.4475911458333333,0.22863877430760157,5.4300100451016355,0.3393756278188522,6.611186794733746,0.8263983493417183,0.23687647046964524,0.4643105580314996,0.9510892466989985,0.05998128744424145,0.8231534090909091,0.23970170454545456,0.7673984119570294,0.8231534090909091,0.23970170454545456,0.7673984119570294,0,fixed_model,0.0,0.0,original,8,0.5,8.0,ood_inverted,0.9999999975771773,0.0,0.0,1.0
0.6578776041666666,0.6422526041666666,0.4680989583333333,0.35679314565483466,5.257295322676031,0.3285809576672519,6.492308586160558,0.8115385732700697,0.2522585422493831,0.46676655707014314,0.9580188257718847,0.062429297102613836,0.82421875,0.24751420454545456,0.7663992449268523,0.82421875,0.24751420454545456,0.7663992449268523,0,fixed_model,0.0,0.0,original,8,1.0,8.0,id,1.0,0.0,0.0,1.0
0.6363932291666666,0.6448567708333334,0.4475911458333333,0.3417796110783735,5.430010055131338,0.3393756284457086,6.611186794733746,0.8263983493417183,0.23687647046964524,0.4643105580314996,0.9510892466989985,0.05998128744424145,0.8231534090909091,0.23970170454545456,0.7673984119570294,0.8231534090909091,0.23970170454545456,0.7673984119570294,0,fixed_model,0.0,0.0,original,8,1.0,8.0,ood_inverted,0.9999999994242645,0.0,0.0,1.0
0.6940104166666666,0.6422526041666666,0.4680989583333333,0.42472460220318226,5.2572953081969045,0.32858095676230653,6.492308586160558,0.8115385732700697,0.2522585422493831,0.46676655707014314,0.9580188257718847,0.062429297102613836,0.82421875,0.24751420454545456,0.7663992449268523,0.82421875,0.24751420454545456,0.7663992449268523,0,fixed_model,0.0,0.0,original,8,2.0,8.0,id,0.9999999972458983,0.0,0.0,1.0
0.6731770833333334,0.6448567708333334,0.4475911458333333,0.40836770771950504,5.430010045161311,0.33937562782258196,6.611186794733746,0.8263983493417183,0.23687647046964524,0.4643105580314996,0.9510892466989985,0.05998128744424145,0.8231534090909091,0.23970170454545456,0.7673984119570294,0.8231534090909091,0.23970170454545456,0.7673984119570294,0,fixed_model,0.0,0.0,original,8,2.0,8.0,ood_inverted,0.9999999975881673,0.0,0.0,1.0
0.6940104166666666,0.6422526041666666,0.4680989583333333,0.42472460220318226,5.257295319641541,0.3285809574775963,6.492308586160558,0.8115385732700697,0.2522585422493831,0.46676655707014314,0.9580188257718847,0.062429297102613836,0.82421875,0.24751420454545456,0.7663992449268523,0.82421875,0.24751420454545456,0.7663992449268523,0,fixed_model,0.0,0.0,original,8,3.0,8.0,id,0.9999999994228039,0.0,0.0,1.0
0.6731770833333334,0.6448567708333334,0.4475911458333333,0.40836770771950504,5.430010058257587,0.3393756286410992,6.611186794733746,0.8263983493417183,0.23687647046964524,0.4643105580314996,0.9510892466989985,0.05998128744424145,0.8231534090909091,0.23970170454545456,0.7673984119570294,0.8231534090909091,0.23970170454545456,0.7673984119570294,0,fixed_model,0.0,0.0,original,8,3.0,8.0,ood_inverted,1.0,0.0,0.0,1.0
0.6940104166666666,0.6422526041666666,0.4680989583333333,0.42472460220318226,5.257295287847916,0.32858095549049476,6.492308586160558,0.8115385732700697,0.2522585422493831,0.46676655707014314,0.9580188257718847,0.062429297102613836,0.82421875,0.24751420454545456,0.7663992449268523,0.82421875,0.24751420454545456,0.7663992449268523,0,fixed_model,0.0,0.0,original,8,5.0,8.0,id,0.999999993375279,0.0,0.0,1.0
0.6731770833333334,0.6448567708333334,0.4475911458333333,0.40836770771950504,5.430010030011597,0.3393756268757248,6.611186794733746,0.8263983493417183,0.23687647046964524,0.4643105580314996,0.9510892466989985,0.05998128744424145,0.8231534090909091,0.23970170454545456,0.7673984119570294,0.8231534090909091,0.23970170454545456,0.7673984119570294,0,fixed_model,0.0,0.0,original,8,5.0,8.0,ood_inverted,0.9999999947981698,0.0,0.0,1.0
0.69921875,0.6422526041666666,0.4680989583333333,0.43451652386780903,5.257295312025027,0.3285809570015642,6.492308586160558,0.8115385732700697,0.2522585422493831,0.46676655707014314,0.9580188257718847,0.062429297102613836,0.82421875,0.24751420454545456,0.7663992449268523,0.82421875,0.24751420454545456,0.7663992449268523,0,fixed_model,0.0,0.0,original,8,8.0,8.0,id,0.9999999979740526,0.0,0.0,1.0
0.6861979166666666,0.6448567708333334,0.4475911458333333,0.4319387153800824,5.4300100451016355,0.3393756278188522,6.611186794733746,0.8263983493417183,0.23687647046964524,0.4643105580314996,0.9510892466989985,0.05998128744424145,0.8231534090909091,0.23970170454545456,0.7673984119570294,0.8231534090909091,0.23970170454545456,0.7673984119570294,0,fixed_model,0.0,0.0,original,8,8.0,8.0,ood_inverted,0.9999999975771773,0.0,0.0,1.0
0.712890625,0.6741536458333334,0.4680989583333333,0.4602203182374541,3.586474457913861,0.2241546536196163,4.953305143324102,0.6191631429155128,0.2833467397231466,0.4357867611101482,0.8496530332705787,0.06077042646695356,0.85546875,0.2784090909090909,0.7997047244094488,0.8043323863636364,0.2784090909090909,0.7288385826771652,0,fixed_model,0.1,0.1,original,8,0.0,8.0,id,0.0,0.0,0.0,0.0
0.4143880208333333,0.6009114583333334,0.4475911458333333,-0.06010606953447259,3.570780632494754,0.22317378953092212,5.02022605846569,0.6275282573082113,0.2530830710809829,0.41207612132608334,0.8208906874040584,0.055638854912708265,0.8288352272727273,0.296875,0.7565656565656566,0.62890625,0.296875,0.4722222222222222,0,fixed_model,0.1,0.1,original,8,0.0,8.0,ood_inverted,0.0,0.0,0.0,0.0
0.7151692708333334,0.6819661458333334,0.4680989583333333,0.4645042839657283,3.678621486572333,0.2299138429107708,4.953305143324102,0.6191631429155128,0.2833467397231466,0.4357867611101482,0.8496530332705787,0.06077042646695356,0.85546875,0.2784090909090909,0.7997047244094488,0.8299005681818182,0.2784090909090909,0.7642716535433071,0,fixed_model,0.1,0.1,original,8,0.5,8.0,id,0.09614891602628454,0.0,0.0,0.5142857142857159
0.4195963541666667,0.6168619791666666,0.4475911458333333,-0.05067766647024153,3.695192261428142,0.23094951633925886,5.02022605846569,0.6275282573082113,0.2530830710809829,0.41207612132608334,0.8208906874040584,0.055638854912708265,0.8288352272727273,0.296875,0.7565656565656566,0.66796875,0.296875,0.5277777777777778,0,fixed_model,0.1,0.1,original,8,0.5,8.0,ood_inverted,0.10500825385961225,0.0,0.0,0.1957295373665481
0.7255859375,0.685546875,0.4680989583333333,0.48408812729498163,3.8166651338353743,0.2385415708647109,4.953305143324102,0.6191631429155128,0.2833467397231466,0.4357867611101482,0.8496530332705787,0.06077042646695356,0.85546875,0.2784090909090909,0.7997047244094488,0.8384232954545454,0.2784090909090909,0.7760826771653543,0,fixed_model,0.1,0.1,original,8,1.0,8.0,id,0.2401877118712329,0.0,0.0,0.6857142857142867
0.4300130208333333,0.6243489583333334,0.4475911458333333,-0.031820860341779604,3.858759274091759,0.24117245463073494,5.02022605846569,0.6275282573082113,0.2530830710809829,0.41207612132608334,0.8208906874040584,0.055638854912708265,0.8288352272727273,0.296875,0.7565656565656566,0.7223011363636364,0.296875,0.6050505050505051,0,fixed_model,0.1,0.1,original,8,1.0,8.0,ood_inverted,0.2430651745517752,0.0,0.0,0.4679715302491103
0.7516276041666666,0.6848958333333334,0.4680989583333333,0.5330477356181149,4.121162386617782,0.2575726491636114,4.953305143324102,0.6191631429155128,0.2833467397231466,0.4357867611101482,0.8496530332705787,0.06077042646695356,0.85546875,0.2784090909090909,0.7997047244094488,0.8469460227272727,0.2784090909090909,0.7878937007874016,0,fixed_model,0.1,0.1,original,8,2.0,8.0,id,0.5579090883957097,0.0,0.0,0.8571428571428592
0.4807942708333333,0.6357421875,0.4475911458333333,0.06010606953447259,4.2097041678779314,0.2631065104923707,5.02022605846569,0.6275282573082113,0.2530830710809829,0.41207612132608334,0.8208906874040584,0.055638854912708265,0.8288352272727273,0.296875,0.7565656565656566,0.7862215909090909,0.296875,0.695959595959596,0,fixed_model,0.1,0.1,original,8,2.0,8.0,ood_inverted,0.5392763150486519,0.0,0.0,0.7882562277580072
0.76171875,0.6842447916666666,0.4680989583333333,0.5520195838433292,4.359742191913357,0.2724838869945848,4.953305143324102,0.6191631429155128,0.2833467397231466,0.4357867611101482,0.8496530332705787,0.06077042646695356,0.85546875,0.2784090909090909,0.7997047244094488,0.8529829545454546,0.2784090909090909,0.7962598425196851,0,fixed_model,0.1,0.1,original,8,3.0,8.0,id,0.8068502642414548,0.0,0.0,0.9785714285714302
0.513671875,0.6481119791666666,0.4475911458333333,0.11962286387743078,4.495840844393242,0.2809900527745776,5.02022605846569,0.6275282573082113,0.2530830710809829,0.41207612132608334,0.8208906874040584,0.055638854912708265,0.8288352272727273,0.296875,0.7565656565656566,0.8025568181818182,0.296875,0.7191919191919193,0,fixed_model,0.1,0.1,original,8,3.0,8.0,ood_inverted,0.7807867994275116,0.0,0.0,0.8701067615658364
0.7552083333333334,0.6826171875,0.4680989583333333,0.539779681762546,4.544852695202374,0.28405329345014835,4.953305143324102,0.6191631429155128,0.2833467397231466,0.4357867611101482,0.8496530332705787,0.06077042646695356,0.85546875,0.2784090909090909,0.7997047244094488,0.8536931818181818,0.2784090909090909,0.7972440944881888,0,fixed_model,0.1,0.1,original,8,5.0,8.0,id,1.0,0.0,0.0,0.9928571428571412
0.5735677083333334,0.66015625,0.4475911458333333,0.2280494991160873,4.755560155633158,0.29722250972707237,5.02022605846569,0.6275282573082113,0.2530830710809829,0.41207612132608334,0.8208906874040584,0.055638854912708265,0.8288352272727273,0.296875,0.7565656565656566,0.8231534090909091,0.296875,0.7484848484848484,0,fixed_model,0.1,0.1,original,8,5.0,8.0,ood_inverted,1.0,0.0,0.0,0.9733096085409249
0.7467447916666666,0.681640625,0.4680989583333333,0.5238678090575274,4.451507523071805,0.2782192201919878,4.953305143324102,0.6191631429155128,0.2833467397231466,0.4357867611101482,0.8496530332705787,0.06077042646695356,0.85546875,0.2784090909090909,0.7997047244094488,0.8540482954545454,0.2784090909090909,0.7977362204724409,0,fixed_model,0.1,0.1,original,8,8.0,8.0,id,0.9026009058859004,0.0,0.0,1.0
0.6266276041666666,0.6695963541666666,0.4475911458333333,0.32410135533294043,4.6989600781560235,0.29368500488475147,5.02022605846569,0.6275282573082113,0.2530830710809829,0.41207612132608334,0.8208906874040584,0.055638854912708265,0.8288352272727273,0.296875,0.7565656565656566,0.8284801136363636,0.296875,0.7560606060606061,0,fixed_model,0.1,0.1,original,8,8.0,8.0,ood_inverted,0.9522273331267538,0.0,0.0,1.0
0.7119140625,0.6702473958333334,0.4680989583333333,0.4583843329253366,4.184973636614666,0.26156085228841663,6.588328061576442,0.8235410076970553,0.21926173775734226,0.4742664025427324,0.9469350357619817,0.07152266717094125,0.8270596590909091,0.21129261363636365,0.7807294011706438,0.7485795454545454,0.21129261363636365,0.6812246735704637,0,fixed_model,0.5,0.5,original,8,0.0,8.0,id,0.0,0.0,0.0,0.0
0.3857421875,0.6630859375,0.4475911458333333,-0.11196228638774303,4.48506791631264,0.28031674476954,6.610616915230166,0.8263271144037707,0.20549518863026764,0.4710160006676822,0.945305746180603,0.0666735191344663,0.8274147727272727,0.23011363636363635,0.775830258302583,0.7521306818181818,0.23011363636363635,0.6780442804428044,0,fixed_model,0.5,0.5,original,8,0.0,8.0,ood_inverted,0.0,0.0,0.0,0.0
0.7197265625,0.673828125,0.4680989583333333,0.47307221542227657,4.191918226177808,0.261994889136113,6.588328061576442,0.8235410076970553,0.21926173775734226,0.4742664025427324,0.9469350357619817,0.07152266717094125,0.8270596590909091,0.21129261363636365,0.7807294011706438,0.7578125,0.21129261363636365,0.6929311121116614,0,fixed_model,0.5,0.5,original,8,0.5,8.0,id,0.00931949447607873,0.0,0.0,0.11353711790393017
0.4026692708333333,0.6643880208333334,0.4475911458333333,-0.08131997642899233,4.485537818633668,0.28034611366460427,6.610616915230166,0.8263271144037707,0.20549518863026764,0.4710160006676822,0.945305746180603,0.0666735191344663,0.8274147727272727,0.23011363636363635,0.775830258302583,0.7681107954545454,0.23011363636363635,0.6988007380073801,0,fixed_model,0.5,0.5,original,8,0.5,8.0,ood_inverted,0.0005968156961781644,0.0,0.0,0.21634615384615377
0.7252604166666666,0.6764322916666666,0.4680989583333333,0.4834761321909424,4.212042712165056,0.263252669510316,6.588328061576442,0.8235410076970553,0.21926173775734226,0.4742664025427324,0.9469350357619817,0.07152266717094125,0.8270596590909091,0.21129261363636365,0.7807294011706438,0.7684659090909091,0.21129261363636365,0.7064385411976587,0,fixed_model,0.5,0.5,original,8,1.0,8.0,id,0.03632613529866767,0.0,0.0,0.2445414847161574
0.4156901041666667,0.6650390625,0.4475911458333333,-0.057748968768414774,4.503157926154324,0.28144737038464523,6.610616915230166,0.8263271144037707,0.20549518863026764,0.4710160006676822,0.945305746180603,0.0666735191344663,0.8274147727272727,0.23011363636363635,0.775830258302583,0.7862215909090909,0.23011363636363635,0.7223247232472325,0,fixed_model,0.5,0.5,original,8,1.0,8.0,ood_inverted,0.022975842711111125,0.0,0.0,0.46153846153846156
0.7376302083333334,0.681640625,0.4680989583333333,0.5067319461444308,4.283467593657416,0.2677167246035885,6.588328061576442,0.8235410076970553,0.21926173775734226,0.4742664025427324,0.9469350357619817,0.07152266717094125,0.8270596590909091,0.21129261363636365,0.7807294011706438,0.7982954545454546,0.21129261363636365,0.7442593426384512,0,fixed_model,0.5,0.5,original,8,2.0,8.0,id,0.13217683784493095,0.0,0.0,0.6113537117903929
0.4466145833333333,0.6666666666666666,0.4475911458333333,-0.0017678255745433116,4.5783333108929,0.2861458319308062,6.610616915230166,0.8263271144037707,0.20549518863026764,0.4710160006676822,0.945305746180603,0.0666735191344663,0.8274147727272727,0.23011363636363635,0.775830258302583,0.8142755681818182,0.23011363636363635,0.7587638376383764,0,fixed_model,0.5,0.5,original,8,2.0,8.0,ood_inverted,0.11845494032447154,0.0,0.0,0.8413461538461531
0.7447916666666666,0.681640625,0.4680989583333333,0.5201958384332924,4.382525740841884,0.27390785880261775,6.588328061576442,0.8235410076970553,0.21926173775734226,0.4742664025427324,0.9469350357619817,0.07152266717094125,0.8270596590909091,0.21129261363636365,0.7807294011706438,0.8192471590909091,0.21129261363636365,0.7708239531742458,0,fixed_model,0.5,0.5,original,8,3.0,8.0,id,0.26511080710294277,0.0,0.0,0.8689956331877717
0.4772135416666667,0.6673177083333334,0.4475911458333333,0.05362404242781385,4.687786602877127,0.29298666267982043,6.610616915230166,0.8263271144037707,0.20549518863026764,0.4710160006676822,0.945305746180603,0.0666735191344663,0.8274147727272727,0.23011363636363635,0.775830258302583,0.8220880681818182,0.23011363636363635,0.7689114391143912,0,fixed_model,0.5,0.5,original,8,3.0,8.0,ood_inverted,0.2574698796667514,0.0,0.0,0.9471153846153839
0.7490234375,0.6826171875,0.4680989583333333,0.5281517747858017,4.613282670855769,0.28833016692848557,6.588328061576442,0.8235410076970553,0.21926173775734226,0.4742664025427324,0.9469350357619817,0.07152266717094125,0.8270596590909091,0.21129261363636365,0.7807294011706438,0.8295454545454546,0.21129261363636365,0.7838811346240433,0,fixed_model,0.5,0.5,original,8,5.0,8.0,id,0.5747817984593069,0.0,0.0,0.9956331877729254
0.5481770833333334,0.6676432291666666,0.4475911458333333,0.18208603417796118,4.942273007087697,0.30889206294298105,6.610616915230166,0.8263271144037707,0.20549518863026764,0.4710160006676822,0.945305746180603,0.0666735191344663,0.8274147727272727,0.23011363636363635,0.775830258302583,0.8252840909090909,0.23011363636363635,0.7730627306273063,0,fixed_model,0.5,0.5,original,8,5.0,8.0,ood_inverted,0.580689139712994,0.0,0.0,0.990384615384615
0.7496744791666666,0.6822916666666666,0.4680989583333333,0.52937576499388,4.9301416906295605,0.30813385566434753,6.588328061576442,0.8235410076970553,0.21926173775734226,0.4742664025427324,0.9469350357619817,0.07152266717094125,0.8270596590909091,0.21129261363636365,0.7807294011706438,0.8299005681818182,0.21129261363636365,0.7843313822602432,0,fixed_model,0.5,0.5,original,8,8.0,8.0,id,1.0,0.0,0.0,1.0
0.6217447916666666,0.6669921875,0.4475911458333333,0.31526222746022387,5.272417049449572,0.32952606559059827,6.610616915230166,0.8263271144037707,0.20549518863026764,0.4710160006676822,0.945305746180603,0.0666735191344663,0.8274147727272727,0.23011363636363635,0.775830258302583,0.8259943181818182,0.23011363636363635,0.7739852398523986,0,fixed_model,0.5,0.5,original,8,8.0,8.0,ood_inverted,1.0,0.0,0.0,1.0
0.58984375,0.6555989583333334,0.4680989583333333,0.22888616891064872,4.321374005072306,0.2700858753170191,6.716310260826824,0.839538782603353,0.22116482024889347,0.4492538283926018,0.8926592950651947,0.08964488083292226,0.7730823863636364,0.20880681818181818,0.7131956912028724,0.7492897727272727,0.20880681818181818,0.6831238779174147,0,fixed_model,1.0,1.0,original,8,0.0,8.0,id,0.0,0.0,0.0,0.0
0.3512369791666667,0.6744791666666666,0.4475911458333333,-0.17442545668827333,4.542437373604065,0.28390233585025404,6.6221038349736405,0.8277629793717051,0.20084159494539292,0.45008184779944066,0.8987433485904206,0.07839513154405232,0.7855113636363636,0.22798295454545456,0.7221711131554738,0.7702414772727273,0.22798295454545456,0.702391904323827,0,fixed_model,1.0,1.0,original,8,0.0,8.0,ood_inverted,0.0,0.0,0.0,0.0
0.6142578125,0.6588541666666666,0.4680989583333333,0.2747858017135863,4.322777224640717,0.2701735765400448,6.716310260826824,0.839538782603353,0.22116482024889347,0.4492538283926018,0.8926592950651947,0.08964488083292226,0.7730823863636364,0.20880681818181818,0.7131956912028724,0.7549715909090909,0.20880681818181818,0.6903052064631956,0,fixed_model,1.0,1.0,original,8,0.5,8.0,id,0.0030938398856178093,0.0,0.0,0.10526315789473599
0.3678385416666667,0.6744791666666666,0.4475911458333333,-0.14437242192103703,4.543762778911093,0.2839851736819433,6.6221038349736405,0.8277629793717051,0.20084159494539292,0.45008184779944066,0.8987433485904206,0.07839513154405232,0.7855113636363636,0.22798295454545456,0.7221711131554738,0.7755681818181818,0.22798295454545456,0.7092916283348665,0,fixed_model,1.0,1.0,original,8,0.5,8.0,ood_inverted,0.002836422113606076,0.0,0.0,0.18072289156626203
0.63671875,0.6627604166666666,0.4680989583333333,0.31701346389228885,4.331426274302668,0.27071414214391676,6.716310260826824,0.839538782603353,0.22116482024889347,0.4492538283926018,0.8926592950651947,0.08964488083292226,0.7730823863636364,0.20880681818181818,0.7131956912028724,0.76171875,0.20880681818181818,0.6988330341113106,0,fixed_model,1.0,1.0,original,8,1.0,8.0,id,0.022163396367879475,0.0,0.0,0.23026315789473742
0.3753255208333333,0.6751302083333334,0.4475911458333333,-0.13081909251620505,4.55302893621979,0.2845643085137369,6.6221038349736405,0.8277629793717051,0.20084159494539292,0.45008184779944066,0.8987433485904206,0.07839513154405232,0.7855113636363636,0.22798295454545456,0.7221711131554738,0.78125,0.22798295454545456,0.7166513339466422,0,fixed_model,1.0,1.0,original,8,1.0,8.0,ood_inverted,0.022666381567644497,0.0,0.0,0.3734939759036154
0.6666666666666666,0.6666666666666666,0.4680989583333333,0.3733170134638922,4.366955169009776,0.272934698063111,6.716310260826824,0.839538782603353,0.22116482024889347,0.4492538283926018,0.8926592950651947,0.08964488083292226,0.7730823863636364,0.20880681818181818,0.7131956912028724,0.7780539772727273,0.20880681818181818,0.7194793536804309,0,fixed_model,1.0,1.0,original,8,2.0,8.0,id,0.10049804478018584,0.0,0.0,0.5328947368421066
0.3974609375,0.6751302083333334,0.4475911458333333,-0.09074837949322329,4.590912102207079,0.2869320063879424,6.6221038349736405,0.8277629793717051,0.20084159494539292,0.45008184779944066,0.8987433485904206,0.07839513154405232,0.7855113636363636,0.22798295454545456,0.7221711131554738,0.7911931818181818,0.22798295454545456,0.7295308187672492,0,fixed_model,1.0,1.0,original,8,2.0,8.0,ood_inverted,0.1037379218504181,0.0,0.0,0.7108433734939743
0.697265625,0.6712239583333334,0.4680989583333333,0.430844553243574,4.420331654253837,0.2762707283908648,6.716310260826824,0.839538782603353,0.22116482024889347,0.4492538283926018,0.8926592950651947,0.08964488083292226,0.7730823863636364,0.20880681818181818,0.7131956912028724,0.7894176136363636,0.20880681818181818,0.7338420107719927,0,fixed_model,1.0,1.0,original,8,3.0,8.0,id,0.21818333275627655,0.0,0.0,0.7434210526315786
0.416015625,0.6735026041666666,0.4475911458333333,-0.05715969357690037,4.647276197661971,0.2904547623538732,6.6221038349736405,0.8277629793717051,0.20084159494539292,0.45008184779944066,0.8987433485904206,0.07839513154405232,0.7855113636363636,0.22798295454545456,0.7221711131554738,0.7940340909090909,0.22798295454545456,0.7332106715731371,0,fixed_model,1.0,1.0,original,8,3.0,8.0,ood_inverted,0.22435941469783888,0.0,0.0,0.8072289156626524
0.7314453125,0.6790364583333334,0.4680989583333333,0.49510403916768664,4.556183981427806,0.28476149883923785,6.716310260826824,0.839538782603353,0.22116482024889347,0.4492538283926018,0.8926592950651947,0.08964488083292226,0.7730823863636364,0.20880681818181818,0.7131956912028724,0.7993607954545454,0.20880681818181818,0.7464093357271094,0,fixed_model,1.0,1.0,original,8,5.0,8.0,id,0.5177126137231137,0.0,0.0,0.9276315789473683
0.4720052083333333,0.6692708333333334,0.4475911458333333,0.044195639363582784,4.788709694104082,0.2992943558815051,6.6221038349736405,0.8277629793717051,0.20084159494539292,0.45008184779944066,0.8987433485904206,0.07839513154405232,0.7855113636363636,0.22798295454545456,0.7221711131554738,0.7986505681818182,0.22798295454545456,0.7391904323827048,0,fixed_model,1.0,1.0,original,8,5.0,8.0,ood_inverted,0.5270329401362214,0.0,0.0,0.9638554216867493
0.7428385416666666,0.6796875,0.4680989583333333,0.5165238678090575,4.774926748682069,0.2984329217926293,6.716310260826824,0.839538782603353,0.22116482024889347,0.4492538283926018,0.8926592950651947,0.08964488083292226,0.7730823863636364,0.20880681818181818,0.7131956912028724,0.8032670454545454,0.20880681818181818,0.7513464991023339,0,fixed_model,1.0,1.0,original,8,8.0,8.0,id,1.0,0.0,0.0,1.0
0.5706380208333334,0.666015625,0.4475911458333333,0.22274602239245736,5.0097180722950485,0.31310737951844053,6.6221038349736405,0.8277629793717051,0.20084159494539292,0.45008184779944066,0.8987433485904206,0.07839513154405232,0.7855113636363636,0.22798295454545456,0.7221711131554738,0.7997159090909091,0.22798295454545456,0.7405703771849126,0,fixed_model,1.0,1.0,original,8,8.0,8.0,ood_inverted,1.0,0.0,0.0,1.0
0.4596354166666667,0.09114583333333333,0.4596354166666667,0.0,0.0,0.0,4.65935930500953,0.5824199131261912,0.2574017667404371,0.42008938982035754,0.8686873496272126,0.04397147674302491,0.8547585227272727,0.296875,0.7934343434343434,0.26136363636363635,0.296875,-0.05050505050505052,1,fixed_model,0.0,0.0,original,8,0.0,8.0,id,0.0,0.0,0.0,0.0
0.4576822916666667,0.10384114583333333,0.4576822916666667,0.0,0.0,0.0,4.7080634123018985,0.5885079265377373,0.2622646434038607,0.4223314818924184,0.8715489619981774,0.03880859369187277,0.8526278409090909,0.30220170454545453,0.7888040712468195,0.2507102272727273,0.30220170454545453,-0.07379134860050886,1,fixed_model,0.0,0.0,original,8,0.0,8.0,ood_inverted,0.0,0.0,0.0,0.0
0.4596354166666667,0.341796875,0.4596354166666667,0.0,3.798721113130298,0.23742006957064363,4.65935930500953,0.5824199131261912,0.2574017667404371,0.42008938982035754,0.8686873496272126,0.04397147674302491,0.8547585227272727,0.296875,0.7934343434343434,0.6097301136363636,0.296875,0.444949494949495,1,fixed_model,0.0,0.0,original,8,0.5,8.0,id,0.9999999944394872,0.0,0.0,0.5870736086175943
0.4576822916666667,0.3414713541666667,0.4576822916666667,0.0,3.85003336939376,0.24062708558711,4.7080634123018985,0.5885079265377373,0.2622646434038607,0.4223314818924184,0.8715489619981774,0.03880859369187277,0.8526278409090909,0.30220170454545453,0.7888040712468195,0.6001420454545454,0.30220170454545453,0.42697201017811703,1,fixed_model,0.0,0.0,original,8,0.5,8.0,ood_inverted,0.9999999951505666,0.0,0.0,0.5805309734513273
0.6136067708333334,0.5478515625,0.4596354166666667,0.28493975903614466,3.798721120576298,0.23742007003601862,4.65935930500953,0.5824199131261912,0.2574017667404371,0.42008938982035754,0.8686873496272126,0.04397147674302491,0.8547585227272727,0.296875,0.7934343434343434,0.8547585227272727,0.296875,0.7934343434343434,1,fixed_model,0.0,0.0,original,8,1.0,8.0,id,0.9999999963996204,0.0,0.0,1.0
0.5966796875,0.5537109375,0.4576822916666667,0.25630252100840334,3.850033378275282,0.24062708614220513,4.7080634123018985,0.5885079265377373,0.2622646434038607,0.4223314818924184,0.8715489619981774,0.03880859369187277,0.8526278409090909,0.30220170454545453,0.7888040712468195,0.8526278409090909,0.30220170454545453,0.7888040712468195,1,fixed_model,0.0,0.0,original,8,1.0,8.0,ood_inverted,0.9999999974574354,0.0,0.0,1.0
0.6982421875,0.5478515625,0.4596354166666667,0.441566265060241,3.7987211110606736,0.2374200694412921,4.65935930500953,0.5824199131261912,0.2574017667404371,0.42008938982035754,0.8686873496272126,0.04397147674302491,0.8547585227272727,0.296875,0.7934343434343434,0.8547585227272727,0.296875,0.7934343434343434,1,fixed_model,0.0,0.0,original,8,2.0,8.0,id,0.9999999938946658,0.0,0.0,1.0
0.6796875,0.5537109375,0.4576822916666667,0.4093637454981993,3.8500333689963258,0.24062708556227036,4.7080634123018985,0.5885079265377373,0.2622646434038607,0.4223314818924184,0.8715489619981774,0.03880859369187277,0.8526278409090909,0.30220170454545453,0.7888040712468195,0.8526278409090909,0.30220170454545453,0.7888040712468195,1,fixed_model,0.0,0.0,original,8,2.0,8.0,ood_inverted,0.9999999950473378,0.0,0.0,1.0
0.6982421875,0.5478515625,0.4596354166666667,0.441566265060241,3.798721100572001,0.23742006878575006,4.65935930500953,0.5824199131261912,0.2574017667404371,0.42008938982035754,0.8686873496272126,0.04397147674302491,0.8547585227272727,0.296875,0.7934343434343434,0.8547585227272727,0.296875,0.7934343434343434,1,fixed_model,0.0,0.0,original,8,3.0,8.0,id,0.9999999911335595,0.0,0.0,1.0
0.6796875,0.5537109375,0.4576822916666667,0.4093637454981993,3.8500333589470315,0.24062708493418947,4.7080634123018985,0.5885079265377373,0.2622646434038607,0.4223314818924184,0.8715489619981774,0.03880859369187277,0.8526278409090909,0.30220170454545453,0.7888040712468195,0.8526278409090909,0.30220170454545453,0.7888040712468195,1,fixed_model,0.0,0.0,original,8,3.0,8.0,ood_inverted,0.9999999924371541,0.0,0.0,1.0
0.6982421875,0.5478515625,0.4596354166666667,0.441566265060241,3.7987211342531357,0.23742007089082098,4.65935930500953,0.5824199131261912,0.2574017667404371,0.42008938982035754,0.8686873496272126,0.04397147674302491,0.8547585227272727,0.296875,0.7934343434343434,0.8547585227272727,0.296875,0.7934343434343434,1,fixed_model,0.0,0.0,original,8,5.0,8.0,id,1.0,0.0,0.0,1.0
0.6796875,0.5537109375,0.4576822916666667,0.4093637454981993,3.8500333880642406,0.24062708675401503,4.7080634123018985,0.5885079265377373,0.2622646434038607,0.4223314818924184,0.8715489619981774,0.03880859369187277,0.8526278409090909,0.30220170454545453,0.7888040712468195,0.8526278409090909,0.30220170454545453,0.7888040712468195,1,fixed_model,0.0,0.0,original,8,5.0,8.0,ood_inverted,1.0,0.0,0.0,1.0
0.6982421875,0.5478515625,0.4596354166666667,0.441566265060241,3.798721113130298,0.23742006957064363,4.65935930500953,0.5824199131261912,0.2574017667404371,0.42008938982035754,0.8686873496272126,0.04397147674302491,0.8547585227272727,0.296875,0.7934343434343434,0.8547585227272727,0.296875,0.7934343434343434,1,fixed_model,0.0,0.0,original,8,8.0,8.0,id,0.9999999944394872,0.0,0.0,1.0
0.6796875,0.5537109375,0.4576822916666667,0.4093637454981993,3.85003336939376,0.24062708558711,4.7080634123018985,0.5885079265377373,0.2622646434038607,0.4223314818924184,0.8715489619981774,0.03880859369187277,0.8526278409090909,0.30220170454545453,0.7888040712468195,0.8526278409090909,0.30220170454545453,0.7888040712468195,1,fixed_model,0.0,0.0,original,8,8.0,8.0,ood_inverted,0.9999999951505666,0.0,0.0,1.0
0.7216796875,0.681640625,0.4596354166666667,0.4849397590361446,3.541444905202163,0.22134030657513518,6.345736914706931,0.7932171143383664,0.25761218419807086,0.45733493860824675,0.9446175052756363,0.06128390952474171,0.8213778409090909,0.29651988636363635,0.7460878344270571,0.7141335227272727,0.29651988636363635,0.5936395759717314,1,fixed_model,0.1,0.1,original,8,0.0,8.0,id,0.0,0.0,0.0,0.0
0.41796875,0.5130208333333334,0.4576822916666667,-0.07322929171668671,3.627552806603942,0.22672205041274637,6.345206639387015,0.7931508299233768,0.25945738653003225,0.4570562044347042,0.9288039431246681,0.0589471353952455,0.8206676136363636,0.29829545454545453,0.744433198380567,0.5859375,0.29829545454545453,0.40991902834008104,1,fixed_model,0.1,0.1,original,8,0.0,8.0,ood_inverted,0.0,0.0,0.0,0.0
0.7265625,0.6878255208333334,0.4596354166666667,0.49397590361445787,3.6540373764183713,0.2283773360261482,6.345736914706931,0.7932171143383664,0.25761218419807086,0.45733493860824675,0.9446175052756363,0.06128390952474171,0.8213778409090909,0.29651988636363635,0.7460878344270571,0.7453835227272727,0.29651988636363635,0.6380615850580514,1,fixed_model,0.1,0.1,original,8,0.5,8.0,id,0.06142570504835589,0.0,0.0,0.28478964401294476
0.4306640625,0.5270182291666666,0.4576822916666667,-0.04981992797118852,3.7426432695797303,0.23391520434873314,6.345206639387015,0.7931508299233768,0.25945738653003225,0.4570562044347042,0.9288039431246681,0.0589471353952455,0.8206676136363636,0.29829545454545453,0.744433198380567,0.6040482954545454,0.29829545454545453,0.4357287449392712,1,fixed_model,0.1,0.1,original,8,0.5,8.0,ood_inverted,0.06362168268838223,0.0,0.0,0.07669172932330792
0.7307942708333334,0.685546875,0.4596354166666667,0.5018072289156628,3.824343305418296,0.2390214565886435,6.345736914706931,0.7932171143383664,0.25761218419807086,0.45733493860824675,0.9446175052756363,0.06128390952474171,0.8213778409090909,0.29651988636363635,0.7460878344270571,0.7514204545454546,0.29651988636363635,0.6466431095406361,1,fixed_model,0.1,0.1,original,8,1.0,8.0,id,0.1543374392854284,0.0,0.0,0.33980582524271885
0.4407552083333333,0.5364583333333334,0.4576822916666667,-0.03121248499399767,3.9204261632911304,0.24502663520569565,6.345206639387015,0.7931508299233768,0.25945738653003225,0.4570562044347042,0.9288039431246681,0.0589471353952455,0.8206676136363636,0.29829545454545453,0.744433198380567,0.6178977272727273,0.29829545454545453,0.4554655870445345,1,fixed_model,0.1,0.1,original,8,1.0,8.0,ood_inverted,0.1618995639191542,0.0,0.0,0.13533834586466162
0.73828125,0.6826171875,0.4596354166666667,0.5156626506024097,4.22076327546781,0.26379770471673814,6.345736914706931,0.7932171143383664,0.25761218419807086,0.45733493860824675,0.9446175052756363,0.06128390952474171,0.8213778409090909,0.29651988636363635,0.7460878344270571,0.8032670454545454,0.29651988636363635,0.7203432609793033,1,fixed_model,0.1,0.1,original,8,2.0,8.0,id,0.3706074606510677,0.0,0.0,0.8122977346278318
0.4583333333333333,0.5641276041666666,0.4576822916666667,0.0012004801920767626,4.333306151996284,0.27083163449976777,6.345206639387015,0.7931508299233768,0.25945738653003225,0.4570562044347042,0.9288039431246681,0.0589471353952455,0.8206676136363636,0.29829545454545453,0.744433198380567,0.6672585227272727,0.29829545454545453,0.5258097165991903,1,fixed_model,0.1,0.1,original,8,2.0,8.0,ood_inverted,0.39013845488015586,0.0,0.0,0.3443609022556387
0.7451171875,0.6803385416666666,0.4596354166666667,0.5283132530120482,4.58819882198266,0.28676242637391625,6.345736914706931,0.7932171143383664,0.25761218419807086,0.45733493860824675,0.9446175052756363,0.06128390952474171,0.8213778409090909,0.29651988636363635,0.7460878344270571,0.8238636363636364,0.29651988636363635,0.7496214033316506,1,fixed_model,0.1,0.1,original,8,3.0,8.0,id,0.571064802609235,0.0,0.0,1.0
0.4791666666666667,0.5859375,0.4576822916666667,0.03961584633853542,4.7083642869088305,0.2942727679318019,6.345206639387015,0.7931508299233768,0.25945738653003225,0.4570562044347042,0.9288039431246681,0.0589471353952455,0.8206676136363636,0.29829545454545453,0.744433198380567,0.7514204545454546,0.29829545454545453,0.6457489878542512,1,fixed_model,0.1,0.1,original,8,3.0,8.0,ood_inverted,0.5974695319488292,0.0,0.0,0.700751879699248
0.7473958333333334,0.6770833333333334,0.4596354166666667,0.5325301204819278,5.084530542636183,0.31778315891476144,6.345736914706931,0.7932171143383664,0.25761218419807086,0.45733493860824675,0.9446175052756363,0.06128390952474171,0.8213778409090909,0.29651988636363635,0.7460878344270571,0.8217329545454546,0.29651988636363635,0.7465926299848562,1,fixed_model,0.1,0.1,original,8,5.0,8.0,id,0.8418424625156584,0.0,0.0,0.9805825242718456
0.5182291666666666,0.6194661458333334,0.4576822916666667,0.11164465786314517,5.1901618885890075,0.32438511803681297,6.345206639387015,0.7931508299233768,0.25945738653003225,0.4570562044347042,0.9288039431246681,0.0589471353952455,0.8206676136363636,0.29829545454545453,0.744433198380567,0.8210227272727273,0.29829545454545453,0.7449392712550608,1,fixed_model,0.1,0.1,original,8,5.0,8.0,ood_inverted,0.863805884601857,0.0,0.0,0.9954887218045106
0.7392578125,0.6748046875,0.4596354166666667,0.5174698795180723,5.3744311302291745,0.3359019456393234,6.345736914706931,0.7932171143383664,0.25761218419807086,0.45733493860824675,0.9446175052756363,0.06128390952474171,0.8213778409090909,0.29651988636363635,0.7460878344270571,0.8220880681818182,0.29651988636363635,0.7470974255426553,1,fixed_model,0.1,0.1,original,8,8.0,8.0,id,1.0,0.0,0.0,0.9838187702265384
0.5354817708333334,0.6559244791666666,0.4576822916666667,0.14345738295318133,5.4365345579904805,0.33978340987440503,6.345206639387015,0.7931508299233768,0.25945738653003225,0.4570562044347042,0.9288039431246681,0.0589471353952455,0.8206676136363636,0.29829545454545453,0.744433198380567,0.8220880681818182,0.29829545454545453,0.7464574898785428,1,fixed_model,0.1,0.1,original,8,8.0,8.0,ood_inverted,1.0,0.0,0.0,1.0
0.7333984375,0.673828125,0.4596354166666667,0.5066265060240964,4.407267862649187,0.2754542414155742,6.209501952368672,0.776187744046084,0.2700565805330148,0.4409917671599686,0.9012513167550367,0.07854460885301014,0.8029119318181818,0.2958096590909091,0.7201210287443268,0.8146306818181818,0.2958096590909091,0.7367624810892588,1,fixed_model,0.5,0.5,original,8,0.0,8.0,id,0.0006423876608867455,0.0,0.0,0.24999999999997247
0.4401041666666667,0.65625,0.4576822916666667,-0.032412965186074436,4.259589013883658,0.2662243133677286,6.2823809832728505,0.7852976229091063,0.25252501043108416,0.4351060215984042,0.8841644511245355,0.07310702247572458,0.7865767045454546,0.2950994318181818,0.6972292191435769,0.7848011363636364,0.2950994318181818,0.6947103274559194,1,fixed_model,0.5,0.5,original,8,0.0,8.0,ood_inverted,0.0,0.0,0.0,0.0
0.736328125,0.6735026041666666,0.4596354166666667,0.5120481927710844,4.406775600527732,0.27542347503298326,6.209501952368672,0.776187744046084,0.2700565805330148,0.4409917671599686,0.9012513167550367,0.07854460885301014,0.8029119318181818,0.2958096590909091,0.7201210287443268,0.8142755681818182,0.2958096590909091,0.736258194654564,1,fixed_model,0.5,0.5,original,8,0.5,8.0,id,0.0,0.0,0.0,0.0
0.443359375,0.6559244791666666,0.4576822916666667,-0.026410564225690315,4.2718124043865915,0.26698827527416197,6.2823809832728505,0.7852976229091063,0.25252501043108416,0.4351060215984042,0.8841644511245355,0.07310702247572458,0.7865767045454546,0.2950994318181818,0.6972292191435769,0.7887073863636364,0.2950994318181818,0.7002518891687658,1,fixed_model,0.5,0.5,original,8,0.5,8.0,ood_inverted,0.01160971322795047,0.0,0.0,0.2244897959183677
0.7373046875,0.6741536458333334,0.4596354166666667,0.513855421686747,4.426104302804626,0.27663151892528914,6.209501952368672,0.776187744046084,0.2700565805330148,0.4409917671599686,0.9012513167550367,0.07854460885301014,0.8029119318181818,0.2958096590909091,0.7201210287443268,0.8156960227272727,0.2958096590909091,0.7382753403933434,1,fixed_model,0.5,0.5,original,8,1.0,8.0,id,0.02522339075559561,0.0,0.0,1.0
0.4485677083333333,0.6559244791666666,0.4576822916666667,-0.016806722689075702,4.308380780089232,0.269273798755577,6.2823809832728505,0.7852976229091063,0.25252501043108416,0.4351060215984042,0.8841644511245355,0.07310702247572458,0.7865767045454546,0.2950994318181818,0.6972292191435769,0.7901278409090909,0.2950994318181818,0.7022670025188917,1,fixed_model,0.5,0.5,original,8,1.0,8.0,ood_inverted,0.04634216778036907,0.0,0.0,0.30612244897959195
0.7379557291666666,0.6735026041666666,0.4596354166666667,0.5150602409638554,4.5053591686328485,0.28158494803955303,6.209501952368672,0.776187744046084,0.2700565805330148,0.4409917671599686,0.9012513167550367,0.07854460885301014,0.8029119318181818,0.2958096590909091,0.7201210287443268,0.8149857954545454,0.2958096590909091,0.7372667675239535,1,fixed_model,0.5,0.5,original,8,2.0,8.0,id,0.1286486710165096,0.0,0.0,0.4999999999998899
0.4606119791666667,0.6552734375,0.4576822916666667,0.005402160864345739,4.429450509364142,0.2768406568352589,6.2823809832728505,0.7852976229091063,0.25252501043108416,0.4351060215984042,0.8841644511245355,0.07310702247572458,0.7865767045454546,0.2950994318181818,0.6972292191435769,0.7943892045454546,0.2950994318181818,0.7083123425692697,1,fixed_model,0.5,0.5,original,8,2.0,8.0,ood_inverted,0.16133357193537523,0.0,0.0,0.551020408163269
0.7395833333333334,0.673828125,0.4596354166666667,0.5180722891566266,4.616649786439909,0.28854061165249434,6.209501952368672,0.776187744046084,0.2700565805330148,0.4409917671599686,0.9012513167550367,0.07854460885301014,0.8029119318181818,0.2958096590909091,0.7201210287443268,0.8146306818181818,0.2958096590909091,0.7367624810892588,1,fixed_model,0.5,0.5,original,8,3.0,8.0,id,0.2738796699819612,0.0,0.0,0.24999999999997247
0.4694010416666667,0.654296875,0.4576822916666667,0.021608643457382955,4.586280679337111,0.28664254245856946,6.2823809832728505,0.7852976229091063,0.25252501043108416,0.4351060215984042,0.8841644511245355,0.07310702247572458,0.7865767045454546,0.2950994318181818,0.6972292191435769,0.7972301136363636,0.2950994318181818,0.7123425692695216,1,fixed_model,0.5,0.5,original,8,3.0,8.0,ood_inverted,0.3102900581443299,0.0,0.0,0.7142857142857175
0.7405598958333334,0.6728515625,0.4596354166666667,0.5198795180722893,4.865865557191861,0.3041165973244913,6.209501952368672,0.776187744046084,0.2700565805330148,0.4409917671599686,0.9012513167550367,0.07854460885301014,0.8029119318181818,0.2958096590909091,0.7201210287443268,0.8149857954545454,0.2958096590909091,0.7372667675239535,1,fixed_model,0.5,0.5,original,8,5.0,8.0,id,0.59909895672362,0.0,0.0,0.4999999999998899
0.4860026041666667,0.65234375,0.4576822916666667,0.052220888355342145,4.920545350714541,0.3075340844196588,6.2823809832728505,0.7852976229091063,0.25252501043108416,0.4351060215984042,0.8841644511245355,0.07310702247572458,0.7865767045454546,0.2950994318181818,0.6972292191435769,0.8011363636363636,0.2950994318181818,0.7178841309823679,1,fixed_model,0.5,0.5,original,8,5.0,8.0,ood_inverted,0.6277729182391356,0.0,0.0,0.9387755102040852
0.7438151041666666,0.6725260416666666,0.4596354166666667,0.5259036144578313,5.173076311807253,0.3233172694879533,6.209501952368672,0.776187744046084,0.2700565805330148,0.4409917671599686,0.9012513167550367,0.07854460885301014,0.8029119318181818,0.2958096590909091,0.7201210287443268,0.8156960227272727,0.2958096590909091,0.7382753403933434,1,fixed_model,0.5,0.5,original,8,8.0,8.0,id,1.0,0.0,0.0,1.0
0.5006510416666666,0.65234375,0.4576822916666667,0.07923169267707074,5.312447965946809,0.3320279978716756,6.2823809832728505,0.7852976229091063,0.25252501043108416,0.4351060215984042,0.8841644511245355,0.07310702247572458,0.7865767045454546,0.2950994318181818,0.6972292191435769,0.8022017045454546,0.2950994318181818,0.7193954659949623,1,fixed_model,0.5,0.5,original,8,8.0,8.0,ood_inverted,1.0,0.0,0.0,1.0
0.7223307291666666,0.6682942708333334,0.4596354166666667,0.486144578313253,4.590067226249071,0.28687920164056696,6.136914614299443,0.7671143267874304,0.2759495146301267,0.4185916998755282,0.8558896784541224,0.059222063072080375,0.7674005681818182,0.2961647727272727,0.6695257315842584,0.7425426136363636,0.2961647727272727,0.6342078708375378,1,fixed_model,1.0,1.0,original,8,0.0,8.0,id,0.012342765366042095,0.0,0.0,0.0
0.4069010416666667,0.6614583333333334,0.4576822916666667,-0.09363745498199282,4.4958983242224155,0.28099364526390097,6.575062278742666,0.8218827848428333,0.24977286942753923,0.42456320605955505,0.8556524946145835,0.05738312775792765,0.7588778409090909,0.29154829545454547,0.6596491228070175,0.7727272727272727,0.29154829545454547,0.6791979949874686,1,fixed_model,1.0,1.0,original,8,0.0,8.0,ood_inverted,0.0,0.0,0.0,0.6046511627906918
0.7265625,0.6676432291666666,0.4596354166666667,0.49397590361445787,4.583910385722299,0.2864943991076437,6.136914614299443,0.7671143267874304,0.2759495146301267,0.4185916998755282,0.8558896784541224,0.059222063072080375,0.7674005681818182,0.2961647727272727,0.6695257315842584,0.7425426136363636,0.2961647727272727,0.6342078708375378,1,fixed_model,1.0,1.0,original,8,0.5,8.0,id,0.0,0.0,0.0,0.0
0.4069010416666667,0.6611328125,0.4576822916666667,-0.09363745498199282,4.497458441053975,0.2810911525658734,6.575062278742666,0.8218827848428333,0.24977286942753923,0.42456320605955505,0.8556524946145835,0.05738312775792765,0.7588778409090909,0.29154829545454547,0.6596491228070175,0.7752130681818182,0.29154829545454547,0.6827067669172933,1,fixed_model,1.0,1.0,original,8,0.5,8.0,ood_inverted,0.0019350121389867501,0.0,0.0,0.7674418604651162
0.7301432291666666,0.6689453125,0.4596354166666667,0.5006024096385542,4.588946925841606,0.2868091828651004,6.136914614299443,0.7671143267874304,0.2759495146301267,0.4185916998755282,0.8558896784541224,0.059222063072080375,0.7674005681818182,0.2961647727272727,0.6695257315842584,0.7425426136363636,0.2961647727272727,0.6342078708375378,1,fixed_model,1.0,1.0,original,8,1.0,8.0,id,0.010096872361554128,0.0,0.0,0.0
0.4114583333333333,0.6604817708333334,0.4576822916666667,-0.08523409363745506,4.5141614316192715,0.28213508947620447,6.575062278742666,0.8218827848428333,0.24977286942753923,0.42456320605955505,0.8556524946145835,0.05738312775792765,0.7588778409090909,0.29154829545454547,0.6596491228070175,0.7752130681818182,0.29154829545454547,0.6827067669172933,1,fixed_model,1.0,1.0,original,8,1.0,8.0,ood_inverted,0.022651723123337346,0.0,0.0,0.7674418604651162
0.7330729166666666,0.6702473958333334,0.4596354166666667,0.5060240963855421,4.623796839607305,0.28898730247545656,6.136914614299443,0.7671143267874304,0.2759495146301267,0.4185916998755282,0.8558896784541224,0.059222063072080375,0.7674005681818182,0.2961647727272727,0.6695257315842584,0.7428977272727273,0.2961647727272727,0.6347124117053482,1,fixed_model,1.0,1.0,original,8,2.0,8.0,id,0.0799613274771902,0.0,0.0,0.016949152542375664
0.4235026041666667,0.6588541666666666,0.4576822916666667,-0.06302521008403363,4.580525448197866,0.28628284051236663,6.575062278742666,0.8218827848428333,0.24977286942753923,0.42456320605955505,0.8556524946145835,0.05738312775792765,0.7588778409090909,0.29154829545454547,0.6596491228070175,0.7769886363636364,0.29154829545454547,0.6852130325814536,1,fixed_model,1.0,1.0,original,8,2.0,8.0,ood_inverted,0.1049629802508994,0.0,0.0,0.8837209302325555
0.736328125,0.6705729166666666,0.4596354166666667,0.5120481927710844,4.6820512154532,0.292628200965825,6.136914614299443,0.7671143267874304,0.2759495146301267,0.4185916998755282,0.8558896784541224,0.059222063072080375,0.7674005681818182,0.2961647727272727,0.6695257315842584,0.7443181818181818,0.2961647727272727,0.6367305751765893,1,fixed_model,1.0,1.0,original,8,3.0,8.0,id,0.19674526714308133,0.0,0.0,0.08474576271186339
0.4378255208333333,0.6578776041666666,0.4576822916666667,-0.03661464585834341,4.677551493811472,0.292346968363217,6.575062278742666,0.8218827848428333,0.24977286942753923,0.42456320605955505,0.8556524946145835,0.05738312775792765,0.7588778409090909,0.29154829545454547,0.6596491228070175,0.7780539772727273,0.29154829545454547,0.6867167919799498,1,fixed_model,1.0,1.0,original,8,3.0,8.0,ood_inverted,0.2253043369123651,0.0,0.0,0.9534883720930202
0.7386067708333334,0.671875,0.4596354166666667,0.516265060240964,4.836355497193829,0.30227221857461434,6.136914614299443,0.7671143267874304,0.2759495146301267,0.4185916998755282,0.8558896784541224,0.059222063072080375,0.7674005681818182,0.2961647727272727,0.6695257315842584,0.7478693181818182,0.2961647727272727,0.6417759838546924,1,fixed_model,1.0,1.0,original,8,5.0,8.0,id,0.5060827489600168,0.0,0.0,0.25423728813559765
0.4602864583333333,0.6569010416666666,0.4576822916666667,0.004801920768307255,4.920349558075503,0.30752184737971894,6.575062278742666,0.8218827848428333,0.24977286942753923,0.42456320605955505,0.8556524946145835,0.05738312775792765,0.7588778409090909,0.29154829545454547,0.6596491228070175,0.7787642045454546,0.29154829545454547,0.6877192982456141,1,fixed_model,1.0,1.0,original,8,5.0,8.0,ood_inverted,0.5264466566217643,0.0,0.0,1.0
0.7451171875,0.671875,0.4596354166666667,0.5283132530120482,5.082732193006378,0.3176707620628986,6.136914614299443,0.7671143267874304,0.2759495146301267,0.4185916998755282,0.8558896784541224,0.059222063072080375,0.7674005681818182,0.2961647727272727,0.6695257315842584,0.7634943181818182,0.2961647727272727,0.6639757820383452,1,fixed_model,1.0,1.0,original,8,8.0,8.0,id,1.0,0.0,0.0,1.0
0.4931640625,0.6526692708333334,0.4576822916666667,0.06542617046818724,5.302155194722483,0.3313846996701552,6.575062278742666,0.8218827848428333,0.24977286942753923,0.42456320605955505,0.8556524946145835,0.05738312775792765,0.7588778409090909,0.29154829545454547,0.6596491228070175,0.7634943181818182,0.29154829545454547,0.6661654135338346,1,fixed_model,1.0,1.0,original,8,8.0,8.0,ood_inverted,1.0,0.0,0.0,0.0
