residual_strength,split,metric,contrast_vs_zero,ci_low,ci_high,valid_resamples
0.1,id,sync_gap,3.8999999999999995,1.0499999999999998,7.6499999999999995,2000
0.1,id,range_positive_C,-0.03481603198539142,-0.07206624590273371,-0.008446792740547354,2000
0.1,ood_random,sync_gap,5.475,1.6000000000000005,10.15,2000
0.1,ood_random,range_positive_C,-0.007716112399461142,-0.04335237872438073,0.018435903109593824,2000
0.1,ood_inverted,sync_gap,4.7250000000000005,1.4499999999999997,8.975,2000
0.1,ood_inverted,range_positive_C,0.09379634220753759,0.06039534295619117,0.1236371596470764,2000
0.25,id,sync_gap,5.238888888888888,3.6125000000000003,6.949999999999999,2000
0.25,id,range_positive_C,-0.039924554405321055,-0.07660533661380443,-0.012956113370956004,2000
0.25,ood_random,sync_gap,5.700000000000001,3.049999999999999,8.85,2000
0.25,ood_random,range_positive_C,-0.024432580090380566,-0.05659411240225425,0.0011060488488314618,2000
0.25,ood_inverted,sync_gap,3.116666666666667,0.6333333333333329,6.2,2000
0.25,ood_inverted,range_positive_C,0.038182646508471904,0.005282477826003273,0.06749871816508099,2000
0.5,id,sync_gap,9.622222222222224,7.35,12.1,2000
0.5,id,range_positive_C,-0.040588768936636044,-0.07942243986580858,-0.015697919558077478,2000
0.5,ood_random,sync_gap,10.200000000000001,7.65,13.0,2000
0.5,ood_random,range_positive_C,-0.026096781665517564,-0.06266027299795682,0.0018649108313478907,2000
0.5,ood_inverted,sync_gap,7.638888888888889,5.550000000000001,9.58888888888889,2000
0.5,ood_inverted,range_positive_C,0.06251711210773377,0.012680580959998855,0.10266925310186574,2000
1,id,sync_gap,10.650000000000002,7.050000000000001,13.65,2000
1,id,range_positive_C,-0.04464035919524729,-0.08094096028999351,-0.01833970856883327,2000
1,ood_random,sync_gap,13.022222222222222,9.42857142857143,16.200000000000003,2000
1,ood_random,range_positive_C,-0.02964885978564606,-0.06665061584497402,-0.003511152676610299,2000
1,ood_inverted,sync_gap,11.25,8.899999999999999,13.35,2000
1,ood_inverted,range_positive_C,0.060430056224701004,0.02189336994467596,0.09025975680504497,2000
