residual_strength,split,n_total,n_valid,n_valid_K8,n_valid_K16,gap_K_balanced,gap_pooled,sync_count,sync_rate_all,sync_rate_valid_pooled,negative_count,negative_rate_all,negative_rate_valid_pooled,positive_count,positive_rate_all,positive_rate_valid_pooled
0,id,20,20,10,10,1.7000000000000002,1.7,14,0.7,0.7,7,0.35,0.35,5,0.25,0.25
0,ood_random,20,20,10,10,2.3499999999999996,2.35,10,0.5,0.5,6,0.3,0.3,8,0.4,0.4
0,ood_inverted,20,20,10,10,2.5,2.5,11,0.55,0.55,5,0.25,0.25,8,0.4,0.4
0.1,id,20,20,10,10,5.6,5.6,8,0.4,0.4,5,0.25,0.25,7,0.35,0.35
0.1,ood_random,20,20,10,10,7.824999999999999,7.825,6,0.3,0.3,10,0.5,0.5,6,0.3,0.3
0.1,ood_inverted,20,20,10,10,7.2250000000000005,7.225,6,0.3,0.3,9,0.45,0.45,7,0.35,0.35
0.25,id,20,19,9,10,6.938888888888888,7.0,2,0.1,0.10526315789473684,12,0.6,0.631578947368421,5,0.25,0.2631578947368421
0.25,ood_random,20,20,10,10,8.05,8.05,4,0.2,0.2,12,0.6,0.6,4,0.2,0.2
0.25,ood_inverted,20,19,9,10,5.616666666666667,5.631578947368421,5,0.25,0.2631578947368421,11,0.55,0.5789473684210527,3,0.15,0.15789473684210525
0.5,id,20,19,9,10,11.322222222222223,11.31578947368421,1,0.05,0.05263157894736842,17,0.85,0.8947368421052632,1,0.05,0.05263157894736842
0.5,ood_random,20,20,10,10,12.55,12.55,2,0.1,0.1,16,0.8,0.8,2,0.1,0.1
0.5,ood_inverted,20,19,9,10,10.13888888888889,10.105263157894736,0,0.0,0.0,17,0.85,0.8947368421052632,2,0.1,0.10526315789473684
1,id,20,20,10,10,12.350000000000001,12.35,4,0.2,0.2,14,0.7,0.7,2,0.1,0.1
1,ood_random,20,19,10,9,15.372222222222222,15.157894736842104,1,0.05,0.05263157894736842,16,0.8,0.8421052631578947,2,0.1,0.10526315789473684
1,ood_inverted,20,20,10,10,13.75,13.75,1,0.05,0.05,16,0.8,0.8,3,0.15,0.15
