seed,residual_strength,K,split,utility_C0,utility_C24,range_full,range_positive_C
0,0.0,8,id,0.0,0.4338544798556825,0.4609140108238123,0.1800962116656643
0,0.0,8,ood_inverted,0.0,0.4406970207982013,0.4668353007307477,0.1703204047217538
0,0.0,8,ood_random,0.0,0.4360259433962263,0.458431603773585,0.1830778301886793
0,0.0,16,id,0.0,0.4609140108238123,0.4861695730607335,0.054119061936259705
0,0.0,16,ood_inverted,0.0,0.4668353007307477,0.4668353007307477,0.03906689151208559
0,0.0,16,ood_random,0.0,0.4510613207547169,0.4731721698113207,0.054540094339622536
0,0.1,8,id,0.5210463018641011,0.4987973541791942,0.027059530968129963,0.027059530968129963
0,0.1,8,ood_inverted,0.182405845980888,0.3774592467678471,0.1950534007869591,0.1424957841483979
0,0.1,8,ood_random,0.3732311320754716,0.4463443396226415,0.07311320754716988,0.05660377358490559
0,0.1,16,id,0.5252555622369214,0.4837642814191221,0.05021046301864096,0.05021046301864096
0,0.1,16,ood_inverted,0.2037661607644744,0.3302417088251828,0.233558178752108,0.233558178752108
0,0.1,16,ood_random,0.3808962264150943,0.4386792452830188,0.07783018867924535,0.07783018867924535
0,0.25,8,id,0.52705953096813,0.5171377029464823,0.023451593505712576,0.023451593505712576
0,0.25,8,ood_inverted,0.2116357504215851,0.279370432827431,0.1135469364811692,0.1135469364811692
0,0.25,8,ood_random,0.3747051886792453,0.3965212264150944,0.036556603773584884,0.036556603773584884
0,0.25,16,id,0.518941671677691,0.5165363800360794,0.023752254960913932,0.023752254960913932
0,0.25,16,ood_inverted,0.266441821247892,0.2240022484541878,0.14474423833614378,0.14474423833614378
0,0.25,16,ood_random,0.3935731132075471,0.3856132075471697,0.028007075471698173,0.028007075471698173
0,0.5,8,id,0.5261575466025257,0.5282621767889357,0.03908598917618755,0.03908598917618755
0,0.5,8,ood_inverted,0.2594154019111861,0.275716694772344,0.0966835300730749,0.0966835300730749
0,0.5,8,ood_random,0.3853183962264151,0.402122641509434,0.03154481132075482,0.03154481132075482
0,0.5,16,id,0.523752254960914,0.5183403487672881,0.022248947684906928,0.022248947684906928
0,0.5,16,ood_inverted,0.2473299606520516,0.2352445193929173,0.0997751545812256,0.0997751545812256
0,0.5,16,ood_random,0.3770636792452831,0.3982900943396227,0.02564858490566041,0.02564858490566041
0,1.0,8,id,0.5177390258568851,0.5234515935057127,0.020144317498496656,0.020144317498496656
0,1.0,8,ood_inverted,0.2492973580663294,0.2655986509274873,0.20713884204609329,0.20713884204609329
0,1.0,8,ood_random,0.3909198113207546,0.3888561320754717,0.03950471698113217,0.03950471698113217
0,1.0,16,id,0.5132291040288635,0.5144317498496693,0.024353577871316867,0.023150932050510997
0,1.0,16,ood_inverted,0.2608206857785272,0.2849915682967959,0.0989319842608207,0.0989319842608207
0,1.0,16,ood_random,0.3912146226415095,0.4091981132075472,0.03036556603773577,0.03036556603773577
1,0.0,8,id,0.0,0.4689675174013921,0.4799883990719256,0.3451276102088165
1,0.0,8,ood_inverted,0.0,0.4172832198875407,0.4628588339745486,0.3684522047943178
1,0.0,8,ood_random,0.0,0.4680787589498807,0.4680787589498807,0.3380071599045347
1,0.0,16,id,0.0,0.4828886310904873,0.5066705336426914,0.06554524361948955
1,0.0,16,ood_inverted,0.0,0.396862977212193,0.4699615270790174,0.07635395087303931
1,0.0,16,ood_random,0.0,0.4662887828162291,0.4797136038186158,0.03848448687350836
1,0.1,8,id,0.5487238979118328,0.5319025522041763,0.029582366589327225,0.029582366589327225
1,0.1,8,ood_inverted,0.160106540396567,0.2941698727434152,0.206274045575614,0.206274045575614
1,0.1,8,ood_random,0.3869331742243436,0.4298926014319809,0.0614558472553699,0.0614558472553699
1,0.1,16,id,0.5423433874709976,0.535092807424594,0.024071925754060364,0.024071925754060364
1,0.1,16,ood_inverted,0.1390944066291801,0.3228765907073098,0.23882805563776272,0.21012133767386793
1,0.1,16,ood_random,0.3824582338902147,0.433472553699284,0.056682577565632386,0.0563842482100238
1,0.25,8,id,0.5435034802784222,0.5377030162412993,0.016531322505800472,0.016531322505800472
1,0.25,8,ood_inverted,0.1609943770346256,0.2201834862385321,0.14619709973364908,0.14619709973364908
1,0.25,8,ood_random,0.3854415274463006,0.4281026252983293,0.054892601431980825,0.054892601431980825
1,0.25,16,id,0.5510440835266821,0.5455336426914154,0.0263921113689094,0.0263921113689094
1,0.25,16,ood_inverted,0.192364604912696,0.2299496892571767,0.1506362829239421,0.1506362829239421
1,0.25,16,ood_random,0.3869331742243436,0.4113961813842481,0.04445107398568021,0.04445107398568021
1,0.5,8,id,0.5493039443155452,0.5446635730858469,0.025232018561484937,0.025232018561484937
1,0.5,8,ood_inverted,0.1796389464338561,0.229653743711157,0.0926309559041135,0.0926309559041135
1,0.5,8,ood_random,0.3723150357995227,0.3976730310262529,0.03192124105011923,0.028042959427207637
1,0.5,16,id,0.5446635730858469,0.553074245939675,0.024651972157772706,0.024651972157772706
1,0.5,16,ood_inverted,0.2044983722994969,0.2127848475880437,0.13583900562296528,0.13583900562296528
1,0.5,16,ood_random,0.391706443914081,0.3854415274463006,0.036396181384248216,0.036396181384248216
1,1.0,8,id,0.5321925754060324,0.5437935034802784,0.024071925754060364,0.0124709976798143
1,1.0,8,ood_inverted,0.1935483870967742,0.1675051790470552,0.16336194140278187,0.16336194140278187
1,1.0,8,ood_random,0.3958830548926014,0.3845465393794748,0.03311455847255368,0.03311455847255368
1,1.0,16,id,0.5524941995359629,0.5481438515081207,0.02088167053364265,0.02001160092807419
1,1.0,16,ood_inverted,0.1751997632435632,0.2580645161290322,0.11453092630955902,0.11453092630955902
1,1.0,16,ood_random,0.3773866348448687,0.4006563245823388,0.023866348448687402,0.015214797136038183
2,0.0,8,id,0.0,0.4161640530759952,0.442098914354644,0.025934861278648802
2,0.0,8,ood_inverted,0.0,0.4550847457627118,0.4734463276836159,0.04999999999999999
2,0.0,8,ood_random,0.0,0.4578619909502263,0.4821832579185521,0.035350678733031715
2,0.0,16,id,0.0,0.4436067551266586,0.4779855247285886,0.05006031363088048
2,0.0,16,ood_inverted,0.0,0.4262711864406779,0.4901129943502824,0.07966101694915251
2,0.0,16,ood_random,0.0,0.4838800904977376,0.5000000000000001,0.04553167420814491
2,0.1,8,id,0.5256332931242461,0.5021109770808203,0.03407720144752724,0.022014475271411316
2,0.1,8,ood_inverted,0.2598870056497175,0.3296610169491525,0.1875706214689265,0.1875706214689265
2,0.1,8,ood_random,0.4066742081447965,0.4236425339366517,0.04920814479638014,0.04920814479638014
2,0.1,16,id,0.5102533172496985,0.4915560916767189,0.047949336550060284,0.047949336550060284
2,0.1,16,ood_inverted,0.2084745762711864,0.3050847457627119,0.1313559322033899,0.1313559322033899
2,0.1,16,ood_random,0.4069570135746606,0.4437217194570135,0.05995475113122162,0.05995475113122162
2,0.25,8,id,0.5177925211097708,0.4984921592279855,0.031061519903498425,0.031061519903498425
2,0.25,8,ood_inverted,0.0997175141242937,0.2488700564971752,0.15508474576271203,0.09519774011299453
2,0.25,8,ood_random,0.3749999999999999,0.4239253393665159,0.048925339366515996,0.03930995475113119
2,0.25,16,id,0.5108564535585041,0.5223160434258142,0.023220747889022952,0.023220747889022952
2,0.25,16,ood_inverted,0.2392655367231637,0.2048022598870057,0.0966101694915254,0.06214689265536741
2,0.25,16,ood_random,0.4010180995475113,0.3973416289592761,0.037047511312217174,0.037047511312217174
2,0.5,8,id,0.5247285886610374,0.503015681544029,0.03136308805790117,0.027744270205066368
2,0.5,8,ood_inverted,0.2327683615819209,0.2663841807909604,0.1615819209039549,0.1615819209039549
2,0.5,8,ood_random,0.395079185520362,0.4148755656108597,0.036199095022624306,0.036199095022624306
2,0.5,16,id,0.534680337756333,0.5075392038600725,0.03739445114595913,0.02563329312424628
2,0.5,16,ood_inverted,0.1096045197740113,0.3,0.19039548022598868,0.16016949152542378
2,0.5,16,ood_random,0.3741515837104072,0.4366515837104072,0.0625,0.054864253393665185
2,1.0,8,id,0.5220144752714113,0.514173703256936,0.01568154402895061,0.010554885404101433
2,1.0,8,ood_inverted,0.1242937853107344,0.2036723163841807,0.09915254237288132,0.09915254237288132
2,1.0,8,ood_random,0.3863122171945702,0.3930995475113123,0.019513574660633415,0.019513574660633415
2,1.0,16,id,0.5027141133896259,0.5075392038600725,0.015681544028950667,0.015681544028950667
2,1.0,16,ood_inverted,0.2358757062146892,0.293502824858757,0.14067796610169492,0.14067796610169492
2,1.0,16,ood_random,0.4004524886877827,0.4278846153846155,0.0336538461538462,0.0336538461538462
3,0.0,8,id,0.0,0.4341334894613584,0.463992974238876,0.04449648711943799
3,0.0,8,ood_inverted,0.0,0.4625810253388332,0.4896876841484974,0.07307012374779032
3,0.0,8,ood_random,0.0,0.4395254629629629,0.4704861111111111,0.0546875
3,0.0,16,id,0.0,0.4642857142857143,0.4909250585480093,0.07113583138173296
3,0.0,16,ood_inverted,0.0,0.4890984089569828,0.4896876841484974,0.06157925751325877
3,0.0,16,ood_random,0.0,0.4600694444444444,0.4780092592592593,0.061342592592592615
3,0.1,8,id,0.538056206088993,0.5263466042154568,0.021662763466042012,0.021662763466042012
3,0.1,8,ood_inverted,0.208898055391868,0.3126104890984089,0.11962286387743068,0.11962286387743068
3,0.1,8,ood_random,0.3723958333333333,0.4152199074074073,0.04861111111111105,0.04861111111111105
3,0.1,16,id,0.5521077283372365,0.5319086651053865,0.02751756440281017,0.02751756440281017
3,0.1,16,ood_inverted,0.1305244549204477,0.3067177371832646,0.17796110783736022,0.17796110783736022
3,0.1,16,ood_random,0.3527199074074073,0.3929398148148149,0.041956018518518656,0.041956018518518656
3,0.25,8,id,0.5447892271662764,0.5406908665105387,0.016393442622950838,0.016393442622950838
3,0.25,8,ood_inverted,0.2843252799057159,0.2324690630524455,0.13582793164407767,0.08397171479080728
3,0.25,8,ood_random,0.3767361111111111,0.3741319444444444,0.011863425925925986,0.009837962962963076
3,0.25,16,id,0.5506440281030445,0.5377634660421546,0.02371194379391106,0.02371194379391106
3,0.25,16,ood_inverted,0.2395403653506188,0.2312905126694165,0.10017678255745449,0.10017678255745449
3,0.25,16,ood_random,0.3651620370370371,0.3793402777777778,0.035011574074074014,0.035011574074074014
3,0.5,8,id,0.5386416861826699,0.5401053864168618,0.01990632318501162,0.01990632318501162
3,0.5,8,ood_inverted,0.1470241602828521,0.2507365939893929,0.1685327047731289,0.1685327047731289
3,0.5,8,ood_random,0.3576388888888889,0.370949074074074,0.032118055555555525,0.032118055555555525
3,0.5,16,id,0.538056206088993,0.5386416861826699,0.01873536299765821,0.01873536299765821
3,0.5,16,ood_inverted,0.1626399528579847,0.2351208014142605,0.19711255156157928,0.19711255156157928
3,0.5,16,ood_random,0.3640046296296295,0.378761574074074,0.03182870370370361,0.03182870370370361
3,1.0,8,id,0.5424473067915692,0.5547423887587822,0.023419203747072626,0.023419203747072626
3,1.0,8,ood_inverted,0.2248084855627578,0.1635238656452564,0.18444313494401876,0.18444313494401876
3,1.0,8,ood_random,0.3654513888888889,0.347800925925926,0.02777777777777779,0.02777777777777779
3,1.0,16,id,0.5406908665105387,0.5336651053864169,0.01990632318501173,0.01990632318501173
3,1.0,16,ood_inverted,0.1417206835592221,0.2000589275191514,0.22480848556275781,0.22480848556275781
3,1.0,16,ood_random,0.3501157407407407,0.3845486111111111,0.040798611111111105,0.040798611111111105
4,0.0,8,id,0.0,0.4199351223827778,0.4503096431731053,0.03332350339133
4,0.0,8,ood_inverted,0.0,0.4295501936252607,0.4581471551980936,0.040810247244563724
4,0.0,8,ood_random,0.0,0.4570122822050842,0.471008283347615,0.03170522707797774
4,0.0,16,id,0.0,0.4520790327337069,0.4833382483043349,0.0347979946918312
4,0.0,16,ood_inverted,0.0,0.4042299672326481,0.4655942806076854,0.06523681858802499
4,0.0,16,ood_random,0.0,0.4735789774350186,0.4918594687232219,0.032276492430734105
4,0.1,8,id,0.5228546151577707,0.50014744913005,0.04777351813624303,0.04777351813624303
4,0.1,8,ood_inverted,0.2368185880250223,0.3958891867739053,0.2082216264521894,0.2082216264521894
4,0.1,8,ood_random,0.4041702370751214,0.4618680377035132,0.08140531276778062,0.08140531276778062
4,0.1,16,id,0.5187260395163669,0.4859923326452373,0.045119433795340724,0.045119433795340724
4,0.1,16,ood_inverted,0.2865653857610963,0.4435507893952933,0.2686922847780755,0.2686922847780755
4,0.1,16,ood_random,0.4090259925735503,0.4607255069980006,0.07597829191659528,0.07597829191659528
4,0.25,8,id,0.5328811560011796,0.5066352108522558,0.026245945148923755,0.023886759068121544
4,0.25,8,ood_inverted,0.1674113792076257,0.2820971105153411,0.1909442955019364,0.1611557938635686
4,0.25,8,ood_random,0.3813196229648671,0.417880605541274,0.05741216795201376,0.05741216795201376
4,0.25,16,id,0.5225597168976702,0.5175464464759658,0.020053081686817964,0.020053081686817964
4,0.25,16,ood_inverted,0.2246053023532915,0.3375037235627048,0.1465594280607685,0.1465594280607685
4,0.25,16,ood_random,0.3896029705798344,0.4298771779491575,0.05255641245358478,0.05255641245358478
4,0.5,8,id,0.523444411677971,0.5028015334709525,0.03037452079032732,0.03037452079032732
4,0.5,8,ood_inverted,0.2707774798927614,0.3598450997914805,0.1873696753053322,0.1873696753053322
4,0.5,8,ood_random,0.401885175664096,0.4347329334475863,0.061125392744929896,0.061125392744929896
4,0.5,16,id,0.5249189029784724,0.4969035682689471,0.02801533470952533,0.02565614862872312
4,0.5,16,ood_inverted,0.259159964253798,0.3136729222520107,0.15490020851951158,0.15490020851951158
4,0.5,16,ood_random,0.3990288489003142,0.4170237075121394,0.05569837189374455,0.05569837189374455
4,1.0,8,id,0.5202005308168682,0.517841344736066,0.021232674727219014,0.021232674727219014
4,1.0,8,ood_inverted,0.2284778075662794,0.2475424486148346,0.1298778671432826,0.1298778671432826
4,1.0,8,ood_random,0.3867466438160525,0.3947443587546416,0.0359897172236503,0.027992002285061213
4,1.0,16,id,0.523444411677971,0.5260984960188734,0.019758183426717757,0.019758183426717757
4,1.0,16,ood_inverted,0.2686922847780757,0.2347333929103366,0.1126005361930296,0.1126005361930296
4,1.0,16,ood_random,0.3996001142530704,0.3856041131105398,0.03113396172522126,0.03113396172522126
5,0.0,8,id,0.0,0.4427890345649584,0.4427890345649584,0.034266984505363696
5,0.0,8,ood_inverted,0.0,0.4618593563766389,0.4681168057210966,0.041716328963051386
5,0.0,8,ood_random,0.0,0.4735480161012076,0.474985623921794,0.04111558366877499
5,0.0,16,id,0.0,0.4216328963051252,0.4427890345649584,0.02622169249106099
5,0.0,16,ood_inverted,0.0,0.4442789034564958,0.467222884386174,0.07061978545887959
5,0.0,16,ood_random,0.0,0.460897067280046,0.4853364002300172,0.04054054054054057
5,0.1,8,id,0.5044696066746127,0.4833134684147795,0.028903456495828372,0.028903456495828372
5,0.1,8,ood_inverted,0.1647794994040525,0.353098927294398,0.22228843861740152,0.22228843861740152
5,0.1,8,ood_random,0.3910293271995399,0.4663599769982747,0.08568142610695789,0.08568142610695789
5,0.1,16,id,0.5098331346841479,0.4904648390941597,0.0294994040524435,0.0294994040524435
5,0.1,16,ood_inverted,0.1588200238379022,0.3307508939213349,0.20530393325387358,0.20530393325387358
5,0.1,16,ood_random,0.3913168487636572,0.4344450833812535,0.058941920644048185,0.058941920644048185
5,0.25,8,id,0.5000000000000001,0.4862932061978545,0.026221692491061044,0.026221692491061044
5,0.25,8,ood_inverted,0.1904052443384981,0.2282479141835519,0.10697258641239579,0.10697258641239579
5,0.25,8,ood_random,0.4033927544565842,0.4252443933294997,0.04111558366877521,0.04111558366877521
5,0.25,16,id,0.5089392133492253,0.4967222884386174,0.02473182359952336,0.02473182359952336
5,0.25,16,ood_inverted,0.0393325387365911,0.2061978545887962,0.2088796185935638,0.1454112038140645
5,0.25,16,ood_random,0.3654399079930994,0.4131684876365727,0.06152961472110419,0.0488786658999425
5,0.5,8,id,0.5056615017878427,0.4937425506555424,0.02205005959475559,0.02205005959475559
5,0.5,8,ood_inverted,0.1278307508939212,0.2044100119189511,0.22288438617401676,0.22288438617401676
5,0.5,8,ood_random,0.3924669350201266,0.417193789534215,0.05664174813110978,0.05664174813110978
5,0.5,16,id,0.4898688915375446,0.5038736591179976,0.02651966626936847,0.02026221692491076
5,0.5,16,ood_inverted,0.1951728247914184,0.2452324195470799,0.19010727056019078,0.19010727056019078
5,0.5,16,ood_random,0.4045428407130535,0.4068430132259918,0.04859114433582512,0.04859114433582512
5,1.0,8,id,0.5107270560190704,0.4955303933253874,0.020560190703218073,0.020560190703218073
5,1.0,8,ood_inverted,0.2565554231227651,0.2181168057210964,0.17729439809296776,0.1388557806912991
5,1.0,8,ood_random,0.4097182288671651,0.4065554916618746,0.04341575618171378,0.043128234617596295
5,1.0,16,id,0.49642431466031,0.5059594755661502,0.011620977353992867,0.011620977353992867
5,1.0,16,ood_inverted,0.2017282479141835,0.1814660309892728,0.16626936829558991,0.16626936829558991
5,1.0,16,ood_random,0.3990799309948245,0.3956296722254168,0.03565267395054622,0.03565267395054622
6,0.0,8,id,0.0,0.4582598471487361,0.4747207524985302,0.03938859494415037
6,0.0,8,ood_inverted,0.0,0.4532034248597579,0.4697372305875405,0.06200177147918512
6,0.0,8,ood_random,0.0,0.436808386721025,0.4420500873616773,0.03232382061735589
6,0.0,16,id,0.0,0.4594356261022927,0.4844209288653732,0.039094650205761194
6,0.0,16,ood_inverted,0.0,0.38824918807204,0.4709182167109537,0.08266902863891368
6,0.0,16,ood_random,0.0,0.4327315084449622,0.4595224228305183,0.04571927781013391
6,0.1,8,id,0.5282186948853616,0.5126396237507348,0.029394473838918467,0.029394473838918467
6,0.1,8,ood_inverted,0.1889577797460879,0.2196634189548272,0.17537643932683789,0.17537643932683789
6,0.1,8,ood_random,0.3506115317414095,0.3931275480489224,0.05008736167734412,0.05008736167734412
6,0.1,16,id,0.5249853027630804,0.5194003527336861,0.014697236919459122,0.014697236919459122
6,0.1,16,ood_inverted,0.1978151756716858,0.3023324475937407,0.19988190138765863,0.19988190138765863
6,0.1,16,ood_random,0.3605125218404194,0.4004076878276064,0.05794991263832289,0.05794991263832289
6,0.25,8,id,0.5164609053497943,0.5296884185773075,0.032627865961199265,0.032627865961199265
6,0.25,8,ood_inverted,0.2524357838795394,0.283436669619132,0.16297608503100092,0.16297608503100092
6,0.25,8,ood_random,0.3712871287128712,0.3841001747233547,0.048631333721607495,0.048631333721607495
6,0.25,16,id,0.5382128159905937,0.5264550264550265,0.027630805408583092,0.027630805408583092
6,0.25,16,ood_inverted,0.1564806613522291,0.2022438736344847,0.18482432831414236,0.18482432831414236
6,0.25,16,ood_random,0.3541059988351777,0.371869539895166,0.04105998835177638,0.04105998835177638
6,0.5,8,id,0.5470311581422692,0.5229276895943563,0.03057025279247494,0.025279247501469593
6,0.5,8,ood_inverted,0.2571597283731915,0.2636551520519634,0.18984351933864788,0.18984351933864788
6,0.5,8,ood_random,0.3561444379732091,0.3878858474082702,0.03610949330227142,0.03610949330227142
6,0.5,16,id,0.5255731922398589,0.5349794238683129,0.02175191064079962,0.02175191064079962
6,0.5,16,ood_inverted,0.1393563625627398,0.1753764393268379,0.1505757307351639,0.1449660466489518
6,0.5,16,ood_random,0.354397204426325,0.3707047175305766,0.026499708794408883,0.026499708794408883
6,1.0,8,id,0.5249853027630804,0.5399764844209288,0.014991181657848407,0.014991181657848407
6,1.0,8,ood_inverted,0.1721287274874519,0.2105107764983762,0.1482137584883378,0.1482137584883378
6,1.0,8,ood_random,0.3637157833430403,0.3765288293535235,0.0343622597553872,0.0343622597553872
6,1.0,16,id,0.5396825396825397,0.5279247501469725,0.021457965902410225,0.020576131687242705
6,1.0,16,ood_inverted,0.2010628875110717,0.2223206377325066,0.19368172423974017,0.19368172423974017
6,1.0,16,ood_random,0.3637157833430403,0.366919044845661,0.019510774606872394,0.019510774606872394
7,0.0,8,id,0.0,0.4282907662082515,0.458321639068201,0.03985405557114802
7,0.0,8,ood_inverted,0.0,0.4434857635893011,0.4710957722174288,0.06816220880069024
7,0.0,8,ood_random,0.0,0.4647326507394767,0.4857792946530147,0.02616609783845264
7,0.0,16,id,0.0,0.4552343530732529,0.4788099915801291,0.060342408083076116
7,0.0,16,ood_inverted,0.0,0.3865401207937877,0.4319815933275813,0.04889272361230951
7,0.0,16,ood_random,0.0,0.4798065984072809,0.4945961319681456,0.03156996587030714
7,0.1,8,id,0.5506595565534661,0.524557956777996,0.02946954813359537,0.02946954813359537
7,0.1,8,ood_inverted,0.1489790048892724,0.2648835202761,0.16249640494679324,0.16249640494679324
7,0.1,8,ood_random,0.3859499431171785,0.4368600682593856,0.05091012514220711,0.04948805460750849
7,0.1,16,id,0.541397698568622,0.5439236598372158,0.04518664047151277,0.04518664047151277
7,0.1,16,ood_inverted,0.18521714121369,0.2533793500143803,0.14466494104112748,0.14466494104112748
7,0.1,16,ood_random,0.3973265073947668,0.4357224118316269,0.04323094425483509,0.04323094425483509
7,0.25,8,id,0.5498175694639349,0.5394330620263823,0.022452989054167705,0.022452989054167705
7,0.25,8,ood_inverted,0.1236698303134885,0.1837791199309749,0.16163359217716422,0.16163359217716422
7,0.25,8,ood_random,0.391353811149033,0.4024459613196815,0.04806598407280993,0.04806598407280993
7,0.25,16,id,0.5481335952848723,0.5447656469267471,0.042380016839741796,0.042380016839741796
7,0.25,16,ood_inverted,0.2142651711245325,0.2013229795800977,0.08398044291055501,0.07937877480586711
7,0.25,16,ood_random,0.4069965870307167,0.4132536973833901,0.026450511945392385,0.026450511945392385
7,0.5,8,id,0.5475722705585182,0.5346618018523716,0.024136963233230335,0.024136963233230335
7,0.5,8,ood_inverted,0.1596203623813632,0.1714121368996261,0.1302847282139776,0.1302847282139776
7,0.5,8,ood_random,0.401877133105802,0.3924914675767918,0.020193401592718874,0.020193401592718874
7,0.5,16,id,0.5273645804097672,0.5268032556834129,0.03957339320797082,0.03957339320797082
7,0.5,16,ood_inverted,0.1734253666954271,0.1708369283865401,0.06384814495254532,0.06384814495254532
7,0.5,16,ood_random,0.3993174061433447,0.4126848691695108,0.02445961319681461,0.02445961319681461
7,1.0,8,id,0.5402750491159136,0.5456076340162784,0.030592197586303604,0.030592197586303604
7,1.0,8,ood_inverted,0.1857923497267758,0.1481161921196434,0.05953408110440031,0.05953408110440031
7,1.0,8,ood_random,0.397042093287827,0.4004550625711034,0.025028441410693936,0.025028441410693936
7,1.0,16,id,0.5571147909065395,0.5380297502104967,0.03620544484984567,0.03620544484984567
7,1.0,16,ood_inverted,0.1322979580097784,0.1199309749784296,0.1026747195858498,0.1026747195858498
7,1.0,16,ood_random,0.3742889647326508,0.3879408418657566,0.038395904436860084,0.038395904436860084
8,0.0,8,id,0.0,0.4069591527987898,0.4381240544629349,0.031164901664145095
8,0.0,8,ood_inverted,0.0,0.4208079046788724,0.4495786108689335,0.06713164777680913
8,0.0,8,ood_random,0.0,0.4321287579714546,0.4773762526571515,0.04889158821743078
8,0.0,16,id,0.0,0.4390317700453858,0.465052950075643,0.05083207261724654
8,0.0,16,ood_inverted,0.0,0.3931996512641674,0.4853240337111305,0.09212438244696308
8,0.0,16,ood_random,0.0,0.4564227148496811,0.4922563012450654,0.051624658366231535
8,0.1,8,id,0.5001512859304085,0.4986384266263238,0.013615733736762503,0.013615733736762503
8,0.1,8,ood_inverted,0.1339726823597792,0.1926765475152572,0.14181923859343218,0.14181923859343218
8,0.1,8,ood_random,0.3549954448830853,0.3835408442150014,0.041299726692985206,0.041299726692985206
8,0.1,16,id,0.4992435703479576,0.502571860816944,0.01906202723146755,0.01906202723146755
8,0.1,16,ood_inverted,0.2083696599825632,0.2824760244115082,0.1897704155768673,0.1897704155768673
8,0.1,16,ood_random,0.3853628909808684,0.3987245672638931,0.058001822046765905,0.058001822046765905
8,0.25,8,id,0.5013615733736764,0.5146747352496217,0.024205748865355314,0.024205748865355314
8,0.25,8,ood_inverted,0.1360069747166521,0.1900610287707062,0.0732345248474281,0.0720720720720722
8,0.25,8,ood_random,0.3510476768903736,0.3777710294564227,0.029760097175827394,0.024597631339204395
8,0.25,16,id,0.4944024205748866,0.4901664145234493,0.019667170953101387,0.019667170953101387
8,0.25,16,ood_inverted,0.1874455100261552,0.2011043301365882,0.17320546352804422,0.17320546352804422
8,0.25,16,ood_random,0.3723048891588217,0.3786820528393562,0.046462192529608315,0.046462192529608315
8,0.5,8,id,0.5131618759455372,0.5019667170953102,0.02511346444780649,0.02299546142208775
8,0.5,8,ood_inverted,0.1409473990119152,0.1778552746294681,0.1891891891891892,0.1891891891891892
8,0.5,8,ood_random,0.3540844215001518,0.3795930762222897,0.0446401457637412,0.0446401457637412
8,0.5,16,id,0.5068078668683813,0.5037821482602117,0.01633888048411497,0.01633888048411497
8,0.5,16,ood_inverted,0.138913106655042,0.2098227259517582,0.13891310665504208,0.13891310665504208
8,0.5,16,ood_random,0.3549954448830853,0.3732159125417552,0.04190707561494078,0.04190707561494078
8,1.0,8,id,0.5013615733736764,0.4919818456883509,0.021785173978820016,0.021785173978820016
8,1.0,8,ood_inverted,0.122348154606219,0.2423714036617262,0.16303400174367919,0.16303400174367919
8,1.0,8,ood_random,0.3604615851806863,0.4029760097175828,0.05952019435165512,0.05952019435165512
8,1.0,16,id,0.5022692889561272,0.4844175491679274,0.021785173978820016,0.021785173978820016
8,1.0,16,ood_inverted,0.1810520197616972,0.1973263586166811,0.18076140656785822,0.18076140656785822
8,1.0,16,ood_random,0.3704828423929547,0.3829334952930459,0.0640753112663226,0.0640753112663226
9,0.0,8,id,0.0,0.4434147711317045,0.4670036506599269,0.033417579331648295
9,0.0,8,ood_inverted,0.0,0.4128765505020673,0.4370939161252216,0.143827525103367
9,0.0,8,ood_random,0.0,0.448547215496368,0.4654963680387408,0.0587167070217916
9,0.0,16,id,0.0,0.4650379106992418,0.4967705700645887,0.03285593934288128
9,0.0,16,ood_inverted,0.0,0.4149438865918489,0.4347312463083284,0.05729474305965748
9,0.0,16,ood_random,0.0,0.4476392251815981,0.4851694915254237,0.03753026634382561
9,0.1,8,id,0.5304689693906207,0.5175512496489749,0.015164279696714411,0.015164279696714411
9,0.1,8,ood_inverted,0.1904902539870052,0.2728883638511517,0.1210868281157709,0.1210868281157709
9,0.1,8,ood_random,0.3886198547215497,0.4040556900726392,0.035411622276029064,0.035411622276029064
9,0.1,16,id,0.5245717495085651,0.5051951698960967,0.02780117944397642,0.02780117944397642
9,0.1,16,ood_inverted,0.1515062020082692,0.2406969875959834,0.18635558180744238,0.18635558180744238
9,0.1,16,ood_random,0.3786319612590799,0.4264527845036319,0.04993946731234872,0.04539951573849882
9,0.25,8,id,0.5195169896096603,0.5262566694748667,0.025835439483291256,0.025835439483291256
9,0.25,8,ood_inverted,0.1193148257531009,0.2652096869462493,0.1458948611931484,0.1411695215593622
9,0.25,8,ood_random,0.3683414043583534,0.4031476997578693,0.042675544794188836,0.042675544794188836
9,0.25,16,id,0.5290648694187026,0.5318730693625385,0.019376579612468414,0.019376579612468414
9,0.25,16,ood_inverted,0.1343768458357944,0.2401063201417601,0.11488481984642651,0.09066745422327241
9,0.25,16,ood_random,0.3704600484261501,0.4049636803874092,0.040556900726392175,0.03753026634382567
9,0.5,8,id,0.5293456894130861,0.5360853692782925,0.016287559674248997,0.016287559674248997
9,0.5,8,ood_inverted,0.2740696987595984,0.2277023036030714,0.1526875369167161,0.14294152392203208
9,0.5,8,ood_random,0.3868038740920097,0.375,0.0466101694915253,0.0466101694915253
9,0.5,16,id,0.5200786295984273,0.5329963493400731,0.012917719741645795,0.012356079752878557
9,0.5,16,ood_inverted,0.0945067926757235,0.1692262256349674,0.17070289427052582,0.1417601890135854
9,0.5,16,ood_random,0.3613801452784504,0.3743946731234867,0.03268765133171908,0.028147699757869182
9,1.0,8,id,0.5344004493119909,0.5296265094074699,0.012917719741645572,0.012917719741645572
9,1.0,8,ood_inverted,0.1783815711754283,0.2120496160661548,0.1506202008269346,0.1506202008269346
9,1.0,8,ood_random,0.3683414043583534,0.399818401937046,0.0314769975786926,0.029661016949152685
9,1.0,16,id,0.5346812693063747,0.5383319292333614,0.021903959561920816,0.021903959561920816
9,1.0,16,ood_inverted,0.2844063792085055,0.1869462492616656,0.19521559362079138,0.18842291789722393
9,1.0,16,ood_random,0.3813559322033898,0.3843825665859564,0.04782082324455211,0.04782082324455211
