residual_strength,split,utility_C0,utility_C24,range_full,range_positive_C
0,id,0.0,0.4448457467157662,0.4695597743175982,0.06460379988402865
0,ood_random,0.0,0.45633225978028136,0.4767755445572355,0.06446011213218353
0,ood_inverted,0.0,0.43039693980853877,0.4659483699308061,0.08794955306419065
0.1,id,0.5259499959132503,0.5092937861338833,0.03039090420744302,0.029787767898637227
0.1,ood_random,0.3829909395307774,0.426310146137828,0.057882489004043455,0.056743999732722386
0.1,ood_inverted,0.18727242214453776,0.3065553932817586,0.18580911200185107,0.18174589527172824
0.25,id,0.526299091085136,0.5213341735841202,0.0247972047827477,0.02467924547870759
0.25,ood_random,0.3792111025904489,0.40093884657060047,0.041651576872737905,0.04002753204180296
0.25,ood_inverted,0.18200176586790445,0.23461241802468788,0.1398407116673624,0.12613219957266256
0.5,id,0.5270406554405771,0.521258318453558,0.025613393927657546,0.0240150309473926
0.5,ood_random,0.37921008553172786,0.39632645495418195,0.03916602945682078,0.038363330466665964
0.5,ood_inverted,0.18869297563701298,0.23473445108264152,0.15419288472384451,0.15046666517192442
1,id,0.5254544121690676,0.5240633630772126,0.02094754750581321,0.019963440688781357
1,ood_random,0.3816142632992386,0.3910539348549973,0.03574889076878225,0.034811252346537466
1,ood_inverted,0.20092443328504145,0.212917436798922,0.15064117394515347,0.14837960928889166
