split,variant,seed,K,rank_gain,dyn_gain,dyn_null_gain,dyn_delta_gain,symbol_gain,contK_gain,cont_log2_gain,rank_detectable,dyn_detectable,dyn_null_detectable,dyn_delta_detectable,symbol_detectable,contK_detectable,C_rank_slope,C_dyn_slope,C_dyn_null_slope,C_dyn_delta_slope,C_util_slope,C_contK_slope,C_rank_q90,C_dyn_q90,C_dyn_null_q90,C_dyn_delta_q90,C_util_q90,C_contK_q90,C_rank_peak,C_dyn_peak,C_dyn_null_peak,C_dyn_delta_peak,C_util_peak,rank_to_util_slope_err,dyn_to_util_slope_err,dyn_null_to_util_slope_err,dyn_delta_to_util_slope_err,rank_to_util_q90_err,dyn_to_util_q90_err,dyn_null_to_util_q90_err,dyn_delta_to_util_q90_err,dyn_closer_slope,dyn_closer_q90,dyn_beats_null_slope,dyn_beats_null_q90,dyn_delta_beats_null_q90,rank_before_util_slope,dyn_before_util_slope
id,original,0,8,0.06610443294048307,0.3232881524739233,0.06393190775463359,0.281710856296273,0.6527052358252237,0.36882588104626357,0.6521662988962097,1,1,1,1,1,1,0.75,4.0,0.25,0.75,14.0,14.0,12.0,0.0,0.5,0.0,0.0,0.0,12.0,0.5,0.5,1.0,0.5,13.25,10.0,13.75,13.25,12.0,0.0,0.5,0.0,1,1,1,1,1,1,1
id,original,1,8,0.0449332296848296,0.3126769508617338,0.03606689606616262,0.27939082867619497,0.6193541143690713,0.6485246487714192,0.7632807671880868,1,1,1,1,1,1,0.25,nan,0.75,nan,14.0,14.0,8.0,0.0,0.0,0.0,0.0,0.0,12.0,0.0,0.0,0.0,0.5,13.75,nan,13.25,nan,8.0,0.0,0.0,0.0,nan,1,nan,0,0,1,nan
id,original,2,8,0.04841933548450483,0.32464105245620367,0.05885192913114076,0.2956493465018472,0.6502852861138092,0.6584072002468702,0.7269949013253526,1,1,1,1,1,1,1.5,0.25,0.75,0.25,14.0,14.0,16.0,0.5,1.0,0.5,0.0,0.0,16.0,0.5,1.0,0.5,0.0,12.5,13.75,13.25,13.75,16.0,0.5,1.0,0.5,0,1,0,1,1,1,1
id,original,3,8,0.049707470834255196,0.3673384651765387,0.0517927611788033,0.33297667807722126,0.7483854183376164,0.2728587112747156,0.8473859497052317,1,1,1,1,1,1,0.75,14.0,20.0,14.0,14.0,14.0,16.0,0.0,0.0,0.0,0.0,0.0,16.0,0.0,0.0,1.0,0.0,13.25,0.0,6.0,0.0,16.0,0.0,0.0,0.0,1,1,1,0,0,1,0
id,original,4,8,0.08125286847352986,0.3289263080428926,0.08809811903723298,0.32345456658524824,0.7139670635285273,0.7675353458274535,0.7548635385008626,1,1,1,1,1,1,14.0,0.75,0.75,14.0,14.0,10.0,8.0,0.0,12.0,0.0,0.0,0.0,8.0,0.0,12.0,0.0,0.5,0.0,13.25,13.25,0.0,8.0,0.0,12.0,0.0,0,1,0,1,1,0,1
id,original,5,8,0.045660965144634136,0.3112633823313345,0.04390493083263843,0.2778543306972968,0.6863579922801405,0.6978014000631867,0.7185139252860141,1,1,1,1,1,1,0.75,1.5,1.5,0.75,14.0,4.0,8.0,0.0,2.0,0.0,0.0,0.0,8.0,2.0,3.0,2.0,0.0,13.25,12.5,12.5,13.25,8.0,0.0,2.0,0.0,1,1,0,1,1,1,1
id,original,6,8,0.058632312715053536,0.31298702078686996,0.05425466951594951,0.2623197584584494,0.7317902297155361,0.6330532320117261,0.8091655014337793,1,1,1,1,1,1,0.25,14.0,1.5,14.0,14.0,14.0,24.0,0.0,0.0,0.0,0.0,0.0,24.0,0.0,0.0,0.0,0.5,13.75,0.0,12.5,0.0,24.0,0.0,0.0,0.0,1,1,1,0,0,1,0
id,original,7,8,0.070582728087902,0.3516396686761622,0.06617892436413095,0.31061760917617165,0.801910578950308,0.6750860787372912,0.7677572696369304,1,1,1,1,1,1,0.25,0.75,0.75,0.75,14.0,14.0,8.0,0.0,5.0,0.0,0.0,0.0,24.0,0.0,5.0,0.0,0.0,13.75,13.25,13.25,13.25,8.0,0.0,5.0,0.0,1,1,0,1,1,1,1
id,original,8,8,0.05364971905946736,0.2872184202488948,0.04477224718414483,0.26669957482206064,0.7864181271866119,0.8283472502792282,0.7760128490602397,1,1,1,1,1,1,0.25,0.75,0.75,0.75,14.0,14.0,8.0,0.0,0.0,0.0,0.0,0.0,8.0,0.0,0.0,1.0,0.0,13.75,13.25,13.25,13.25,8.0,0.0,0.0,0.0,1,1,0,0,0,1,1
id,original,9,8,0.06171556413173673,0.34765690041373853,0.06360784207989569,0.3168487032513905,0.709816028959295,0.7452278854713332,0.8223236942604446,1,1,1,1,1,1,0.75,14.0,2.5,14.0,14.0,14.0,8.0,0.0,0.0,0.0,0.0,0.0,8.0,0.0,0.5,0.0,0.0,13.25,0.0,11.5,0.0,8.0,0.0,0.0,0.0,1,1,1,0,0,1,0
id,original,10,8,0.04813569337129586,0.27473035730836753,0.04752120342894322,0.27341926940467076,0.7113315606822315,0.4952959010122773,0.7495212489278124,1,1,1,1,1,1,6.5,0.25,0.75,0.25,14.0,6.5,8.0,0.5,1.0,0.0,0.0,0.0,8.0,0.5,3.0,0.5,0.0,7.5,13.75,13.25,13.75,8.0,0.5,1.0,0.0,0,1,0,1,1,1,1
id,original,11,8,0.06181322336196904,0.3263922709550167,0.08111442265222674,0.2842991618748806,0.6954316859432264,0.6966256612074044,0.8300882885234956,1,1,1,1,1,1,0.75,1.5,1.5,14.0,14.0,10.0,16.0,0.0,8.0,0.0,0.0,0.0,16.0,2.0,8.0,2.0,0.5,13.25,12.5,12.5,0.0,16.0,0.0,8.0,0.0,1,1,0,1,1,1,1
id,original,12,8,0.05940168201923368,0.38000369843599635,0.05831257276825162,0.34182042596258755,0.7511399687744528,0.746036073341042,0.8224679320042647,1,1,1,1,1,1,1.5,14.0,0.25,0.75,14.0,14.0,5.0,0.0,0.5,0.0,0.0,0.0,24.0,1.0,0.5,1.0,0.5,12.5,0.0,13.75,13.25,5.0,0.0,0.5,0.0,1,1,1,1,1,1,0
id,original,13,8,0.06023631989955913,0.37280610156444355,0.05245866866023982,0.3216523862725589,0.6746686181880724,0.7072907213100603,0.8392498623397012,1,1,1,1,1,1,0.75,1.5,1.5,1.5,14.0,14.0,24.0,0.0,0.0,0.0,0.0,0.0,24.0,0.0,3.0,0.0,0.0,13.25,12.5,12.5,12.5,24.0,0.0,0.0,0.0,1,1,0,0,0,1,1
id,original,14,8,0.038537885248660975,0.3165986737140897,0.03437154092638423,0.28730029566777554,0.7242257706447159,0.26564933121853807,0.8218418084698123,1,1,1,1,1,1,0.75,0.25,0.25,0.25,0.25,14.0,12.0,0.5,0.5,0.5,0.0,0.0,12.0,0.5,0.5,0.5,1.0,0.5,0.0,0.0,0.0,12.0,0.5,0.5,0.5,1,1,0,0,0,0,0
id,original,15,8,0.06823354959487904,0.31366062813506923,0.06274269518502665,0.29452603897763796,0.6206553492351798,0.7308247758684493,0.7644015610969277,1,1,1,1,1,1,0.25,0.75,2.5,0.75,14.0,0.25,12.0,1.0,3.0,1.0,0.0,0.0,12.0,1.0,3.0,1.0,1.0,13.75,13.25,11.5,13.25,12.0,1.0,3.0,1.0,1,1,0,1,1,1,1
id,original,16,8,0.061642089486122154,0.28578476837251704,0.050883740404373205,0.2646277848367957,0.6447539298414579,0.4348950688413584,0.7070350523430426,1,1,1,1,1,1,1.5,0.75,0.75,0.75,14.0,14.0,8.0,0.0,0.0,0.0,0.0,0.0,8.0,1.0,1.0,1.0,0.0,12.5,13.25,13.25,13.25,8.0,0.0,0.0,0.0,0,1,0,0,0,1,1
id,original,17,8,0.06383409947156893,0.3378175594333498,0.06159573529192496,0.3152885770493489,0.7400371856458685,0.4593680301502395,0.8001758150335713,1,1,1,1,1,1,6.5,14.0,4.0,14.0,14.0,14.0,8.0,0.0,5.0,0.0,0.0,0.0,8.0,0.0,5.0,0.0,0.5,7.5,0.0,10.0,0.0,8.0,0.0,5.0,0.0,1,1,1,1,1,1,0
id,original,18,8,0.0608351990580559,0.33409594311207536,0.06538827962788686,0.2823265714111342,0.7436483920967605,0.6160718196419648,0.7571379667735132,1,1,1,1,1,1,0.25,2.5,0.75,2.5,14.0,10.0,16.0,0.0,0.0,0.0,0.0,0.0,16.0,0.0,0.0,0.5,0.0,13.75,11.5,13.25,11.5,16.0,0.0,0.0,0.0,1,1,1,0,0,1,1
id,original,19,8,0.07718057483434682,0.31131683724670944,0.058152965972111385,0.2723338184252317,0.6345085223125557,0.3318689835874381,0.6686800727169762,1,1,1,1,1,1,4.0,0.75,0.75,0.75,14.0,14.0,8.0,1.0,3.0,0.0,0.0,0.0,8.0,1.0,3.0,1.0,1.0,10.0,13.25,13.25,13.25,8.0,1.0,3.0,0.0,0,1,0,1,1,1,1
id,original,0,16,0.06342060565948471,0.2636697610127793,0.0649503746950776,0.20689539731771217,0.6080268483117115,0.08639801032625427,0.7188016466683229,1,1,1,1,1,0,0.75,0.25,0.25,0.25,0.25,nan,16.0,0.5,0.5,0.5,0.0,nan,16.0,0.5,0.5,0.5,0.5,0.5,0.0,0.0,0.0,16.0,0.5,0.5,0.5,1,1,0,0,0,0,0
id,original,1,16,0.07294436246156699,0.19068445791170074,0.06838802763609872,0.1769439897926411,0.5935559922308362,0.19188736624760228,0.7897970518190031,1,1,1,1,1,1,0.75,4.0,0.25,0.75,14.0,4.0,8.0,0.0,0.5,0.0,0.0,0.0,8.0,0.5,5.0,0.0,0.5,13.25,10.0,13.75,13.25,8.0,0.0,0.5,0.0,1,1,1,1,1,1,1
id,original,2,16,0.038557554781436854,0.22685104373840204,0.03743529836375917,0.1983047712817143,0.7067514939065598,0.14577097023231322,0.6597157957353057,1,1,1,1,1,1,1.5,0.75,0.25,14.0,14.0,4.0,16.0,0.0,0.5,0.0,0.0,0.0,24.0,1.0,1.0,0.0,0.0,12.5,13.25,13.75,0.0,16.0,0.0,0.5,0.0,0,1,1,1,1,1,1
id,original,3,16,0.03168074488639838,0.21462847860123418,0.034185510132902795,0.18438722779538602,0.5766487179005262,0.09656305471159798,0.8553503773709573,1,1,1,1,1,0,6.5,0.25,0.25,14.0,14.0,nan,8.0,0.0,0.5,0.0,0.0,nan,8.0,1.0,5.0,0.0,1.0,7.5,13.75,13.75,0.0,8.0,0.0,0.5,0.0,0,1,0,1,1,1,1
id,original,4,16,0.041450269520282634,0.2111111756992498,0.037959659291204685,0.17598943919226512,0.6336393530395458,0.5087613545579088,0.7607126474946679,1,1,1,1,1,1,1.5,0.25,0.25,14.0,14.0,14.0,24.0,0.5,0.5,0.0,0.0,0.0,24.0,0.5,1.0,0.5,1.0,12.5,13.75,13.75,0.0,24.0,0.5,0.5,0.0,0,1,0,0,1,1,1
id,original,5,16,0.03745620548725126,0.21078091171696195,0.04004383483327463,0.17073707688368733,0.5837428518058286,0.22564550778003623,0.745360974059561,1,1,1,1,1,1,1.5,14.0,4.0,14.0,14.0,4.0,12.0,0.0,0.0,0.0,0.0,0.0,24.0,0.0,0.0,0.0,0.0,12.5,0.0,10.0,0.0,12.0,0.0,0.0,0.0,1,1,1,0,0,1,0
id,original,6,16,0.0727402701973916,0.21310488496937102,0.06541063149051153,0.19106786878311022,0.698469872090834,0.27145238059180976,0.8239810341692512,1,1,1,1,1,1,6.5,0.75,2.5,0.75,14.0,14.0,16.0,0.0,3.0,0.0,0.0,0.0,24.0,0.0,3.0,0.0,1.0,7.5,13.25,11.5,13.25,16.0,0.0,3.0,0.0,0,1,0,1,1,1,1
id,original,7,16,0.07959766238927835,0.21699877287560965,0.07333508653444375,0.18980321528829536,0.6268732289448848,0.32877183801001353,0.8446724364205008,1,1,1,1,1,1,1.5,0.25,0.75,0.25,14.0,4.0,16.0,0.5,5.0,0.0,0.0,0.0,24.0,1.0,5.0,0.5,0.0,12.5,13.75,13.25,13.75,16.0,0.5,5.0,0.0,0,1,0,1,1,1,1
id,original,8,16,0.0435175061225892,0.19442270961528957,0.03473107054142749,0.17781715939661463,0.6274942711579867,0.24119654690911507,0.7973535870345897,1,1,1,1,1,1,0.25,14.0,0.75,0.25,14.0,0.25,24.0,0.0,0.0,0.5,0.0,0.0,24.0,0.0,0.0,0.5,0.0,13.75,0.0,13.25,13.75,24.0,0.0,0.0,0.5,1,1,1,0,0,1,0
id,original,9,16,0.08664514124393463,0.23580587401517172,0.0795337985836133,0.1822284550605256,0.5885216401499453,0.21109176611067038,0.7769041863908952,1,1,1,1,1,1,0.75,0.25,0.25,14.0,14.0,14.0,12.0,0.5,0.5,0.0,0.0,0.0,12.0,0.5,0.5,0.5,0.0,13.25,13.75,13.75,0.0,12.0,0.5,0.5,0.0,0,1,0,0,1,1,1
id,original,10,16,0.05988778918981552,0.22137001297403974,0.05802536871105039,0.18914840879066208,0.6534118805897302,0.263435504645797,0.796121317522891,1,1,1,1,1,1,0.75,0.25,0.25,14.0,14.0,14.0,12.0,0.0,0.5,0.0,0.0,0.0,12.0,0.5,0.5,0.0,0.5,13.25,13.75,13.75,0.0,12.0,0.0,0.5,0.0,0,1,0,1,1,1,1
id,original,11,16,0.050459043681621574,0.25321326675405326,0.05124595969762281,0.21864133864697494,0.6324279903635633,0.3733517920359628,0.8121695092025616,1,1,1,1,1,1,0.75,0.25,1.5,0.25,14.0,10.0,8.0,0.0,0.0,0.5,0.0,0.0,8.0,0.5,2.0,0.5,0.0,13.25,13.75,12.5,13.75,8.0,0.0,0.0,0.5,0,1,0,0,0,1,1
id,original,12,16,0.047535407543182306,0.22358971416153356,0.04358540899884551,0.19467428464008174,0.6303578299259494,0.18208828404403754,0.8652885003226597,1,1,1,1,1,1,2.5,0.25,0.25,0.25,14.0,14.0,12.0,0.0,0.5,0.0,0.0,0.0,12.0,0.5,0.5,0.5,0.5,11.5,13.75,13.75,13.75,12.0,0.0,0.5,0.0,0,1,0,1,1,1,1
id,original,13,16,0.05984051823616021,0.22255793754116665,0.060466338853223445,0.18212829866822067,0.6200871319942142,0.4140445730467286,0.8467550657071163,1,1,1,1,1,1,0.75,0.25,0.25,14.0,14.0,0.25,12.0,0.0,0.5,0.0,0.0,0.0,12.0,0.5,0.5,0.0,1.0,13.25,13.75,13.75,0.0,12.0,0.0,0.5,0.0,0,1,0,1,1,1,1
id,original,14,16,0.059918665885925315,0.21085719413239212,0.05159341780316909,0.17826605458997696,0.4548249638556666,0.08888484725541113,0.8104828472666117,1,1,1,1,1,0,0.25,2.5,2.5,14.0,14.0,nan,12.0,0.0,3.0,0.0,0.0,nan,12.0,0.0,3.0,0.0,0.0,13.75,11.5,11.5,0.0,12.0,0.0,3.0,0.0,1,1,0,1,1,1,1
id,original,15,16,0.07220164388418204,0.24128880349628212,0.08609700030370021,0.1922606521400066,0.5381518253511395,0.29533355627391455,0.7776575951687841,1,1,1,1,1,1,1.5,0.25,0.75,0.25,14.0,4.0,16.0,0.5,1.0,0.5,0.0,0.0,16.0,1.0,1.0,2.0,0.0,12.5,13.75,13.25,13.75,16.0,0.5,1.0,0.5,0,1,0,1,1,1,1
id,original,16,16,0.06713173389434823,0.20139434375554505,0.07253724763508891,0.1746848952042651,0.536205441230215,0.14798244353953316,0.7169394863507351,1,1,1,1,1,1,1.5,0.75,0.75,14.0,14.0,14.0,12.0,1.0,1.0,0.0,0.0,0.0,16.0,1.0,1.0,0.0,0.0,12.5,13.25,13.25,0.0,12.0,1.0,1.0,0.0,0,1,0,0,1,1,1
id,original,17,16,0.03557569235563274,0.19982426563302924,0.032834286576601576,0.17275006735899812,0.6134741669461208,0.19431622053009834,0.8496298465615467,1,1,1,1,1,1,0.75,1.5,1.5,1.5,14.0,14.0,8.0,0.0,2.0,0.0,0.0,0.0,8.0,0.0,5.0,0.0,0.0,13.25,12.5,12.5,12.5,8.0,0.0,2.0,0.0,1,1,0,1,1,1,1
id,original,18,16,0.04217755496501929,0.2036359397611336,0.04231176172320199,0.16706982297777484,0.6513564103943874,0.27845598426663754,0.8084364010310688,1,1,1,1,1,1,2.5,1.5,1.5,14.0,14.0,14.0,8.0,2.0,2.0,0.0,0.0,0.0,8.0,2.0,2.0,2.0,0.0,11.5,12.5,12.5,0.0,8.0,2.0,2.0,0.0,0,1,0,0,1,1,1
id,original,19,16,0.05859729945659653,0.20592517014091632,0.04328092185242571,0.17378223663190712,0.657451526228098,0.16723843117877368,0.7425916079011078,1,1,1,1,1,1,0.25,0.75,0.75,0.75,14.0,4.0,8.0,0.0,0.0,0.0,0.0,0.0,8.0,0.0,0.0,1.0,0.0,13.75,13.25,13.25,13.25,8.0,0.0,0.0,0.0,1,1,0,0,0,1,1
id,pre_softmax,0,8,0.0771022528409957,0.33257566676876393,0.07461709708558342,0.2635461360735207,0.7311729750739329,0.45784978907199714,0.5171794815540399,1,1,1,1,1,1,2.5,0.25,4.0,0.25,2.5,10.0,24.0,0.0,0.0,0.5,2.0,0.0,24.0,0.5,5.0,0.5,3.0,0.0,2.25,1.5,2.25,22.0,2.0,2.0,1.5,0,1,0,0,1,0,1
id,pre_softmax,1,8,0.09332627728581422,0.1986922397977196,0.07967928171950675,0.17231069249001807,0.6983161935011118,0.39793786809310905,0.897566318384138,1,1,1,1,1,1,0.25,0.25,6.5,0.25,0.25,0.25,24.0,0.5,8.0,0.5,0.0,0.0,24.0,0.5,8.0,0.5,0.5,0.0,0.0,6.25,0.0,24.0,0.5,8.0,0.5,0,1,1,1,1,0,0
id,pre_softmax,2,8,0.08851823061704633,0.31612267322869997,0.06697074587247513,0.2586089615348779,0.6526294625635101,0.6955737681195001,0.7497687995010341,1,1,1,1,1,1,6.5,14.0,1.5,14.0,0.25,14.0,24.0,0.0,2.0,0.0,0.0,0.0,24.0,0.0,2.0,1.0,1.0,6.25,13.75,1.25,13.75,24.0,0.0,2.0,0.0,0,1,0,1,1,0,0
id,pre_softmax,3,8,0.03884481936693185,0.3247769007630452,0.04316002455227403,0.32402627264458855,0.7219045245096792,0.3303773460747782,0.6675947660986131,1,1,1,1,1,1,4.0,0.25,0.25,0.25,2.5,6.5,0.0,0.5,3.0,0.0,0.0,0.0,0.0,0.5,3.0,0.5,1.0,1.5,2.25,2.25,2.25,0.0,0.5,3.0,0.0,0,0,0,1,1,0,1
id,pre_softmax,4,8,0.05927838087081905,0.29716539924726165,0.08008939722849748,0.28736064319902554,0.6402566744950126,0.2672194879344115,0.6808919385528798,1,1,1,1,1,1,1.5,0.75,0.75,0.75,14.0,10.0,2.0,0.0,12.0,0.0,0.0,0.0,24.0,1.0,12.0,0.0,1.0,12.5,13.25,13.25,13.25,2.0,0.0,12.0,0.0,0,1,0,1,1,1,1
id,pre_softmax,5,8,0.04394643902778628,0.21061045307140708,0.0568530896782341,0.21772225922176586,0.8218582463562533,0.782769677233939,0.6011118444321756,1,1,1,1,1,1,0.75,0.25,1.5,14.0,0.25,1.5,1.0,0.0,12.0,0.0,0.0,0.0,8.0,0.5,12.0,0.5,0.5,0.5,0.0,1.25,13.75,1.0,0.0,12.0,0.0,1,1,1,1,1,0,0
id,pre_softmax,6,8,0.09948298186063764,0.3902148586325169,0.08061222010617,0.32172110567345125,0.8559609129626614,0.8072055305750083,0.7797395757547068,1,1,1,1,1,1,0.75,0.25,0.25,0.25,0.25,0.25,24.0,0.5,3.0,0.0,0.5,0.0,24.0,0.5,3.0,0.5,0.5,0.5,0.0,0.0,0.0,23.5,0.0,2.5,0.5,1,1,0,1,1,0,0
id,pre_softmax,7,8,0.07938944101333612,0.3065762085008097,0.08441259649909597,0.2619611311502856,0.6221068444077529,0.5858731421771752,0.5983542193402004,1,1,1,1,1,1,0.25,1.5,1.5,0.25,0.25,10.0,8.0,0.0,0.0,0.0,0.5,0.0,8.0,0.0,0.0,0.5,0.5,0.0,1.25,1.25,0.0,7.5,0.5,0.5,0.5,0,1,0,0,0,0,0
id,pre_softmax,8,8,0.09188981875777247,0.33753267223791,0.08829655300056936,0.3154051761045347,0.665153408524313,0.565027523268443,0.7242933916178274,1,1,1,1,1,1,0.25,0.25,0.75,0.25,0.25,0.75,8.0,0.0,0.0,0.5,0.0,0.0,12.0,0.5,0.0,0.5,1.0,0.0,0.0,0.5,0.0,8.0,0.0,0.0,0.5,0,1,1,0,0,0,0
id,pre_softmax,9,8,0.14372276067733758,0.3511980703490083,0.13987041712186712,0.2925331350558976,0.7468796483202919,0.6690908509115879,0.5761436652292844,1,1,1,1,1,1,4.0,14.0,2.5,4.0,14.0,14.0,5.0,0.0,3.0,0.0,0.0,0.0,24.0,0.0,3.0,0.0,0.5,10.0,0.0,11.5,10.0,5.0,0.0,3.0,0.0,1,1,1,1,1,1,0
id,pre_softmax,10,8,0.06271177083253865,0.312507425796079,0.06372537328108485,0.2746935256585663,0.711135597237347,0.3882373148419338,0.8293260313635883,1,1,1,1,1,1,0.75,0.25,4.0,0.25,0.75,0.25,24.0,0.5,12.0,0.5,0.0,0.0,24.0,0.5,12.0,1.0,1.0,0.0,0.5,3.25,0.5,24.0,0.5,12.0,0.5,0,1,1,1,1,0,1
id,pre_softmax,11,8,0.06581314206123356,0.32529682288282835,0.07204173986284895,0.31226687572819034,0.6603875087055527,0.6822176688890006,0.6123629202397901,1,1,1,1,1,1,0.75,0.25,0.25,10.0,0.25,6.5,12.0,0.5,8.0,0.0,0.0,0.0,12.0,0.5,8.0,1.0,0.5,0.5,0.0,0.0,9.75,12.0,0.5,8.0,0.0,1,1,0,1,1,0,0
id,pre_softmax,12,8,0.08636167272925377,0.1936190121511585,0.08179750952225728,0.23071725691093276,0.48034688037747264,0.2648580441493543,0.5549616291689435,1,1,1,1,1,1,0.75,0.25,0.25,0.75,14.0,6.5,12.0,0.5,0.5,1.0,0.0,0.0,12.0,1.0,0.5,1.0,0.5,13.25,13.75,13.75,13.25,12.0,0.5,0.5,1.0,0,1,0,0,0,1,1
id,pre_softmax,13,8,0.08823766112327569,0.27601482991331866,0.07478626099510724,0.20122856891821145,0.7321092204858084,0.72345494569813,0.7936580394355546,1,1,1,1,1,1,0.25,1.5,1.5,0.75,6.5,6.5,24.0,0.0,0.0,0.0,0.0,0.0,24.0,0.0,0.0,0.0,0.5,6.25,5.0,5.0,5.75,24.0,0.0,0.0,0.0,1,1,0,0,0,1,1
id,pre_softmax,14,8,0.03350345641374597,0.25626662331680583,0.03398069865220624,0.2631396427527354,0.6898181627523364,0.8311359324479888,0.8333557999215733,1,1,1,1,1,1,0.75,0.25,1.5,0.25,0.25,0.75,3.0,0.5,5.0,0.5,0.0,0.0,12.0,0.5,5.0,0.5,1.0,0.5,0.0,1.25,0.0,3.0,0.5,5.0,0.5,1,1,1,1,1,0,0
id,pre_softmax,15,8,0.10113461315631866,0.2583166946733439,0.08128966498403678,0.25558444248397266,0.7759618790559004,0.7146880769768382,0.7268514784350744,1,1,1,1,1,1,0.75,0.25,2.5,4.0,14.0,6.5,12.0,0.5,0.0,0.5,0.0,0.0,12.0,0.5,0.5,1.0,0.5,13.25,13.75,11.5,10.0,12.0,0.5,0.0,0.5,0,1,0,0,0,1,1
id,pre_softmax,16,8,0.13440273106098177,0.39433536657808904,0.09961525294189048,0.31359577924307624,0.7769148269265924,0.49815460076170937,0.7797530330470517,1,1,1,1,1,1,2.5,0.75,0.75,0.75,0.75,2.5,24.0,1.0,1.0,0.0,1.0,0.0,24.0,1.0,1.0,0.0,5.0,1.75,0.0,0.0,0.0,23.0,0.0,0.0,1.0,1,1,0,0,0,0,0
id,pre_softmax,17,8,0.061966017633676485,0.28036958560842956,0.066657810536614,0.27727042582247796,0.8298345713077471,0.28337976893677475,0.8427237526391218,1,1,1,1,1,1,0.25,14.0,0.75,14.0,14.0,0.25,5.0,0.0,24.0,0.0,0.0,0.0,5.0,0.0,24.0,0.5,0.0,13.75,0.0,13.25,0.0,5.0,0.0,24.0,0.0,1,1,1,1,1,1,0
id,pre_softmax,18,8,0.051873459666967436,0.2658072614435401,0.04818832741029092,0.23714967634228762,0.7560736435968082,0.5526099564485416,0.7809594640580635,1,1,1,1,1,1,0.25,0.75,0.75,1.5,14.0,0.25,24.0,0.0,12.0,0.0,0.0,0.0,24.0,0.0,12.0,0.0,1.0,13.75,13.25,13.25,12.5,24.0,0.0,12.0,0.0,1,1,0,1,1,1,1
id,pre_softmax,19,8,0.0818601682782173,0.256132732068781,0.09599198735812864,0.31770938630976253,0.7959114695157186,0.2271134628405841,0.4688410721477285,1,1,1,1,1,1,0.75,0.25,0.25,1.5,0.75,4.0,0.0,0.5,24.0,0.0,1.0,0.0,1.0,2.0,24.0,2.0,1.0,0.0,0.5,0.5,0.75,1.0,0.5,23.0,1.0,0,1,0,1,1,0,1
id,pre_softmax,0,16,0.06768534779548652,0.2707658589832446,0.06758603712715994,0.22741892380035417,0.6434566414488044,0.31428449668287195,0.4601790619716075,1,1,1,1,1,1,0.75,0.25,0.25,1.5,0.25,6.5,5.0,0.5,0.5,0.0,0.0,0.0,5.0,0.5,0.5,0.0,0.5,0.5,0.0,0.0,1.25,5.0,0.5,0.5,0.0,1,1,0,0,1,0,0
id,pre_softmax,1,16,0.039376366138458185,0.12969762890290237,0.03030585726528364,0.12134868842855911,0.533339512201827,0.09786845461432891,0.9070516659691288,1,1,1,1,1,0,0.75,0.25,1.5,0.75,1.5,nan,24.0,0.0,0.0,1.0,0.0,nan,24.0,0.5,0.5,1.0,2.0,0.75,1.25,0.0,0.75,24.0,0.0,0.0,1.0,0,1,0,0,0,1,1
id,pre_softmax,2,16,0.07344301640987394,0.2413860592633763,0.058461757134412956,0.20154717582806853,0.6777633509987632,0.4158774416352947,0.7361301070073792,1,1,1,1,1,1,1.5,0.75,0.75,0.25,0.75,nan,24.0,0.0,1.0,0.0,0.0,0.0,24.0,1.0,1.0,0.5,1.0,0.75,0.0,0.0,0.5,24.0,0.0,1.0,0.0,1,1,0,1,1,0,0
id,pre_softmax,3,16,0.07525325044989584,0.2754953401302842,0.060095919927676655,0.26207019634180395,0.4981958955185091,0.06921677458429942,0.5037471283222481,1,1,1,1,1,0,2.5,0.25,1.5,0.25,0.25,nan,12.0,0.0,2.0,0.0,0.0,nan,24.0,2.0,2.0,0.5,0.5,2.25,0.0,1.25,0.0,12.0,0.0,2.0,0.0,1,1,1,1,1,0,0
id,pre_softmax,4,16,0.0875580415129662,0.25328853634793946,0.08648058100965801,0.2131850816595695,0.4831812899885295,0.07202696582567514,0.63244883963162,1,1,1,1,1,0,1.5,0.75,0.75,14.0,0.75,nan,0.0,1.0,1.0,0.0,0.0,nan,0.0,1.0,1.0,0.0,1.0,0.75,0.0,0.0,13.25,0.0,1.0,1.0,0.0,1,0,0,0,1,0,0
id,pre_softmax,5,16,0.0345257624983788,0.18342521655391825,0.05135366070739052,0.2021861092457628,0.626939049749399,0.374565408150343,0.6784115870724594,1,1,1,1,1,1,1.5,0.25,0.25,1.5,nan,1.5,0.0,0.0,8.0,0.0,0.0,0.0,0.0,0.5,8.0,0.0,0.0,nan,nan,nan,nan,0.0,0.0,8.0,0.0,nan,0,nan,1,1,nan,nan
id,pre_softmax,6,16,0.0673123300075531,0.2699451197649908,0.0615095241555978,0.23550246766376037,0.5306784379610503,0.4005380451719154,0.7624108006403731,1,1,1,1,1,1,0.75,0.25,0.25,0.25,0.75,0.25,12.0,0.5,0.5,0.0,0.0,0.0,12.0,0.5,0.5,0.5,2.0,0.0,0.5,0.5,0.5,12.0,0.5,0.5,0.0,0,1,0,0,1,0,1
id,pre_softmax,7,16,0.08157260119915011,0.26573392962364895,0.07252759350999964,0.2096929756248867,0.367657826256232,0.3594225682513841,0.6638552585991714,1,1,1,1,1,1,1.5,0.25,0.25,0.75,14.0,10.0,0.0,0.5,1.0,0.0,0.0,0.0,24.0,1.0,1.0,0.0,1.0,12.5,13.75,13.75,13.25,0.0,0.5,1.0,0.0,0,0,0,1,1,1,1
id,pre_softmax,8,16,0.0875296652317048,0.2521676371979061,0.07884762041098234,0.21386180194823773,0.6163410215780079,0.08976629978776962,0.7168125997470584,1,1,1,1,1,0,0.25,0.75,0.75,0.25,14.0,nan,24.0,0.0,5.0,0.0,0.0,nan,24.0,0.0,5.0,0.5,0.0,13.75,13.25,13.25,13.75,24.0,0.0,5.0,0.0,1,1,0,1,1,1,1
id,pre_softmax,9,16,0.07088837772607803,0.24331067548831414,0.059714875133263935,0.18996394532509517,0.6425643177746959,0.44040342632884233,0.6533781439634506,1,1,1,1,1,1,0.75,0.75,0.25,0.75,0.25,0.25,24.0,0.0,0.5,0.0,0.5,0.0,24.0,1.0,0.5,0.0,1.0,0.5,0.5,0.0,0.5,23.5,0.5,0.0,0.5,0,1,0,0,0,0,0
id,pre_softmax,10,16,0.055133365094661824,0.2417397818928922,0.05537421728985674,0.23255859552938907,0.4916221633780346,0.338499758092743,0.7988065174803309,1,1,1,1,1,1,2.5,0.25,1.5,0.75,14.0,0.75,12.0,0.0,8.0,0.5,0.0,0.0,12.0,2.0,8.0,1.0,0.0,11.5,13.75,12.5,13.25,12.0,0.0,8.0,0.5,0,1,0,1,1,1,1
id,pre_softmax,11,16,0.04324011057615296,0.25035075117874694,0.03233158389017113,0.2291470467229635,0.5949435886466845,0.2021909605798844,0.6631630295797255,1,1,1,1,1,1,0.75,0.25,0.25,14.0,1.5,0.75,24.0,0.0,0.5,0.0,0.0,0.0,24.0,0.5,0.5,0.0,2.0,0.75,1.25,1.25,12.5,24.0,0.0,0.5,0.0,0,1,0,1,1,1,1
id,pre_softmax,12,16,0.04933045953512194,0.1622236160753927,0.05569510163873206,0.16666500604574264,0.26717797516462116,0.10692920000861139,0.5002032546126984,1,1,1,1,1,1,0.75,2.5,2.5,2.5,0.75,0.75,12.0,0.0,8.0,0.0,0.0,0.0,12.0,0.0,8.0,1.0,0.0,0.0,1.75,1.75,1.75,12.0,0.0,8.0,0.0,0,1,0,1,1,0,0
id,pre_softmax,13,16,0.06582146883010853,0.26159888350148514,0.052078562575881115,0.21005493081084947,0.6683895264328819,0.31506580045475985,0.7228751580525581,1,1,1,1,1,1,0.25,4.0,4.0,4.0,0.25,0.25,24.0,0.0,0.0,0.0,0.0,0.0,24.0,0.0,0.0,0.5,0.5,0.0,3.75,3.75,3.75,24.0,0.0,0.0,0.0,0,1,0,0,0,0,0
id,pre_softmax,14,16,0.0499379605054856,0.2123582672447828,0.0357180167449359,0.18098974981952717,0.736120434954752,0.3515290530665849,0.8289853794344467,1,1,1,1,1,1,0.25,0.75,0.75,10.0,14.0,0.75,24.0,0.0,1.0,0.0,0.0,0.0,24.0,0.0,1.0,0.0,0.5,13.75,13.25,13.25,4.0,24.0,0.0,1.0,0.0,1,1,0,1,1,1,1
id,pre_softmax,15,16,0.11049570143222809,0.26394679638772645,0.08754593108388352,0.19777429070980662,0.6018060760143394,0.49583115608132744,0.7680867320711733,1,1,1,1,1,1,0.75,0.25,0.25,0.75,0.75,0.25,24.0,0.0,0.5,0.0,0.0,0.0,24.0,0.5,0.5,0.0,2.0,0.0,0.5,0.5,0.0,24.0,0.0,0.5,0.0,0,1,0,1,1,0,1
id,pre_softmax,16,16,0.06766204982995982,0.2645897819064075,0.041201649369223325,0.25544007672071645,0.4669566656868074,0.1591432571068203,0.7509869029749938,1,1,1,1,1,1,2.5,0.75,0.75,0.75,6.5,0.75,16.0,0.0,1.0,0.0,0.0,0.0,16.0,1.0,2.0,1.0,2.0,4.0,5.75,5.75,5.75,16.0,0.0,1.0,0.0,0,1,0,1,1,1,1
id,pre_softmax,17,16,0.059826805442571684,0.25182531849609674,0.05347577328410112,0.20624523651668072,0.5077132430147766,0.13480765386229243,0.7895660724269769,1,1,1,1,1,1,0.75,1.5,1.5,14.0,14.0,0.25,5.0,0.0,3.0,0.0,0.0,0.0,24.0,0.5,8.0,0.5,0.5,13.25,12.5,12.5,0.0,5.0,0.0,3.0,0.0,1,1,0,1,1,1,1
id,pre_softmax,18,16,0.0387716449797153,0.20781634159116735,0.041520282262477476,0.18424287152431845,0.6348187918622328,0.03500327193455621,0.6947295711449888,1,1,1,1,1,0,2.5,0.25,0.25,1.5,0.25,nan,0.0,2.0,2.0,0.0,0.0,nan,24.0,2.0,2.0,2.0,3.0,2.25,0.0,0.0,1.25,0.0,2.0,2.0,0.0,1,0,0,0,1,0,0
id,pre_softmax,19,16,0.039584986865520366,0.2029381122732148,0.05088635421209749,0.23285331986886215,0.2698120926882702,0.24932149003948578,0.4765315059538537,1,1,1,1,1,1,0.25,0.75,0.75,0.25,1.5,2.5,12.0,0.5,24.0,0.0,0.0,0.0,16.0,1.0,24.0,0.5,0.0,1.25,0.75,0.75,1.25,12.0,0.5,24.0,0.0,1,1,0,1,1,1,1
ood_inverted,original,0,8,0.06610443294048307,0.3232881524739233,0.06393190775463359,0.281710856296273,0.7231771240621824,1.1798882176392287,0.7964183725549643,1,1,1,1,1,1,0.75,4.0,0.25,0.75,14.0,14.0,12.0,0.0,0.5,0.0,0.0,0.0,12.0,0.5,0.5,1.0,2.0,13.25,10.0,13.75,13.25,12.0,0.0,0.5,0.0,1,1,1,1,1,1,1
ood_inverted,original,1,8,0.0449332296848296,0.3126769508617338,0.03606689606616262,0.27939082867619497,0.6265417425099965,0.7087263342809937,0.7291105245216895,1,1,1,1,1,1,0.25,nan,0.75,nan,14.0,14.0,8.0,0.0,0.0,0.0,0.0,0.0,12.0,0.0,0.0,0.0,0.0,13.75,nan,13.25,nan,8.0,0.0,0.0,0.0,nan,1,nan,0,0,1,nan
ood_inverted,original,2,8,0.04841933548450483,0.32464105245620367,0.05885192913114076,0.2956493465018472,0.6233168681133145,0.8111025652252914,0.6763951067410825,1,1,1,1,1,1,1.5,0.25,0.75,0.25,14.0,14.0,16.0,0.5,1.0,0.5,0.0,0.0,16.0,0.5,1.0,0.5,3.0,12.5,13.75,13.25,13.75,16.0,0.5,1.0,0.5,0,1,0,1,1,1,1
ood_inverted,original,3,8,0.049707470834255196,0.3673384651765387,0.0517927611788033,0.33297667807722126,0.6942880367652308,0.9691795659937971,0.7486181965035207,1,1,1,1,1,1,0.75,14.0,20.0,14.0,14.0,14.0,16.0,0.0,0.0,0.0,0.0,0.0,16.0,0.0,0.0,1.0,1.0,13.25,0.0,6.0,0.0,16.0,0.0,0.0,0.0,1,1,1,0,0,1,0
ood_inverted,original,4,8,0.08125286847352986,0.3289263080428926,0.08809811903723298,0.32345456658524824,0.6563408737349115,0.7691552717869753,0.8040938600691707,1,1,1,1,1,1,14.0,0.75,0.75,14.0,14.0,14.0,8.0,0.0,12.0,0.0,0.0,0.0,8.0,0.0,12.0,0.0,2.0,0.0,13.25,13.25,0.0,8.0,0.0,12.0,0.0,0,1,0,1,1,0,1
ood_inverted,original,5,8,0.045660965144634136,0.3112633823313345,0.04390493083263843,0.2778543306972968,0.6934460923852314,0.9227539462128689,0.7929998193343019,1,1,1,1,1,1,0.75,1.5,1.5,0.75,14.0,14.0,8.0,0.0,2.0,0.0,0.0,0.0,8.0,2.0,3.0,2.0,0.0,13.25,12.5,12.5,13.25,8.0,0.0,2.0,0.0,1,1,0,1,1,1,1
ood_inverted,original,6,8,0.058632312715053536,0.31298702078686996,0.05425466951594951,0.2623197584584494,0.7197988071712775,0.9360519482359487,0.9105620852980615,1,1,1,1,1,1,0.25,14.0,1.5,14.0,14.0,14.0,24.0,0.0,0.0,0.0,0.0,0.0,24.0,0.0,0.0,0.0,1.0,13.75,0.0,12.5,0.0,24.0,0.0,0.0,0.0,1,1,1,0,0,1,0
ood_inverted,original,7,8,0.070582728087902,0.3516396686761622,0.06617892436413095,0.31061760917617165,0.773689166994272,0.8312480421094379,0.7437161128993908,1,1,1,1,1,1,0.25,0.75,0.75,0.75,14.0,14.0,8.0,0.0,5.0,0.0,0.0,0.0,24.0,0.0,5.0,0.0,2.0,13.75,13.25,13.25,13.25,8.0,0.0,5.0,0.0,1,1,0,1,1,1,1
ood_inverted,original,8,8,0.05364971905946736,0.2872184202488948,0.04477224718414483,0.26669957482206064,0.7334689829193803,1.0036187171522715,0.7198623020063334,1,1,1,1,1,1,0.25,0.75,0.75,0.75,14.0,14.0,8.0,0.0,0.0,0.0,0.0,0.0,8.0,0.0,0.0,1.0,0.0,13.75,13.25,13.25,13.25,8.0,0.0,0.0,0.0,1,1,0,0,0,1,1
ood_inverted,original,9,8,0.06171556413173673,0.34765690041373853,0.06360784207989569,0.3168487032513905,0.7147759750714765,0.5022896143040769,0.7882585586681474,1,1,1,1,1,1,0.75,14.0,2.5,14.0,14.0,14.0,8.0,0.0,0.0,0.0,0.0,0.0,8.0,0.0,0.5,0.0,0.5,13.25,0.0,11.5,0.0,8.0,0.0,0.0,0.0,1,1,1,0,0,1,0
ood_inverted,original,10,8,0.04813569337129586,0.27473035730836753,0.04752120342894322,0.27341926940467076,0.708066966100211,0.9818222122119067,0.777823509892774,1,1,1,1,1,1,6.5,0.25,0.75,0.25,14.0,14.0,8.0,0.5,1.0,0.0,0.0,0.0,8.0,0.5,3.0,0.5,0.0,7.5,13.75,13.25,13.75,8.0,0.5,1.0,0.0,0,1,0,1,1,1,1
ood_inverted,original,11,8,0.06181322336196904,0.3263922709550167,0.08111442265222674,0.2842991618748806,0.7038928592643157,0.6030362733140708,0.7512100047719553,1,1,1,1,1,1,0.75,1.5,1.5,14.0,14.0,14.0,16.0,0.0,8.0,0.0,0.0,0.0,16.0,2.0,8.0,2.0,3.0,13.25,12.5,12.5,0.0,16.0,0.0,8.0,0.0,1,1,0,1,1,1,1
ood_inverted,original,12,8,0.05940168201923368,0.38000369843599635,0.05831257276825162,0.34182042596258755,0.758231937253453,0.8801666517799801,0.8687638528646674,1,1,1,1,1,1,1.5,14.0,0.25,0.75,14.0,14.0,5.0,0.0,0.5,0.0,0.0,0.0,24.0,1.0,0.5,1.0,2.0,12.5,0.0,13.75,13.25,5.0,0.0,0.5,0.0,1,1,1,1,1,1,0
ood_inverted,original,13,8,0.06023631989955913,0.37280610156444355,0.05245866866023982,0.3216523862725589,0.7046488254646244,0.77357338991436,0.8450262915356288,1,1,1,1,1,1,0.75,1.5,1.5,1.5,14.0,14.0,24.0,0.0,0.0,0.0,0.0,0.0,24.0,0.0,3.0,0.0,3.0,13.25,12.5,12.5,12.5,24.0,0.0,0.0,0.0,1,1,0,0,0,1,1
ood_inverted,original,14,8,0.038537885248660975,0.3165986737140897,0.03437154092638423,0.28730029566777554,0.6184635433652339,0.9706557890581398,0.6486512710705395,1,1,1,1,1,1,0.75,0.25,0.25,0.25,1.5,14.0,12.0,0.5,0.5,0.5,0.0,0.0,12.0,0.5,0.5,0.5,2.0,0.75,1.25,1.25,1.25,12.0,0.5,0.5,0.5,0,1,0,0,0,1,1
ood_inverted,original,15,8,0.06823354959487904,0.31366062813506923,0.06274269518502665,0.29452603897763796,0.71404974412793,0.6193353569846719,0.7865497636777979,1,1,1,1,1,1,0.25,0.75,2.5,0.75,14.0,14.0,12.0,1.0,3.0,1.0,1.0,0.0,12.0,1.0,3.0,1.0,5.0,13.75,13.25,11.5,13.25,11.0,0.0,2.0,0.0,1,1,0,1,1,1,1
ood_inverted,original,16,8,0.061642089486122154,0.28578476837251704,0.050883740404373205,0.2646277848367957,0.5482388175192147,1.2306749446223113,0.6870867231573806,1,1,1,1,1,1,1.5,0.75,0.75,0.75,14.0,14.0,8.0,0.0,0.0,0.0,0.0,0.0,8.0,1.0,1.0,1.0,2.0,12.5,13.25,13.25,13.25,8.0,0.0,0.0,0.0,0,1,0,0,0,1,1
ood_inverted,original,17,8,0.06383409947156893,0.3378175594333498,0.06159573529192496,0.3152885770493489,0.7338816576116408,1.037831668940544,0.6140923099847367,1,1,1,1,1,1,6.5,14.0,4.0,14.0,14.0,14.0,8.0,0.0,5.0,0.0,0.0,0.0,8.0,0.0,5.0,0.0,2.0,7.5,0.0,10.0,0.0,8.0,0.0,5.0,0.0,1,1,1,1,1,1,0
ood_inverted,original,18,8,0.0608351990580559,0.33409594311207536,0.06538827962788686,0.2823265714111342,0.7658549694246333,0.5433348208415305,0.767142682257743,1,1,1,1,1,1,0.25,2.5,0.75,2.5,14.0,14.0,16.0,0.0,0.0,0.0,0.0,0.0,16.0,0.0,0.0,0.5,1.0,13.75,11.5,13.25,11.5,16.0,0.0,0.0,0.0,1,1,1,0,0,1,1
ood_inverted,original,19,8,0.07718057483434682,0.31131683724670944,0.058152965972111385,0.2723338184252317,0.563664201428332,1.3662445308228752,0.6971772354221111,1,1,1,1,1,1,4.0,0.75,0.75,0.75,14.0,14.0,8.0,1.0,3.0,0.0,0.0,0.0,8.0,1.0,3.0,1.0,3.0,10.0,13.25,13.25,13.25,8.0,1.0,3.0,0.0,0,1,0,1,1,1,1
ood_inverted,original,0,16,0.06342060565948471,0.2636697610127793,0.0649503746950776,0.20689539731771217,0.6388103405135984,1.4735154652395814,0.7382221665650721,1,1,1,1,1,1,0.75,0.25,0.25,0.25,14.0,0.25,16.0,0.5,0.5,0.5,0.0,0.0,16.0,0.5,0.5,0.5,5.0,13.25,13.75,13.75,13.75,16.0,0.5,0.5,0.5,0,1,0,0,0,1,1
ood_inverted,original,1,16,0.07294436246156699,0.19068445791170074,0.06838802763609872,0.1769439897926411,0.5700106911641415,1.3173034625089044,0.7256774847568944,1,1,1,1,1,1,0.75,4.0,0.25,0.75,14.0,4.0,8.0,0.0,0.5,0.0,0.0,0.0,8.0,0.5,5.0,0.0,0.5,13.25,10.0,13.75,13.25,8.0,0.0,0.5,0.0,1,1,1,1,1,1,1
ood_inverted,original,2,16,0.038557554781436854,0.22685104373840204,0.03743529836375917,0.1983047712817143,0.6615253512025292,0.11038094705124502,0.6428775137803223,1,1,1,1,1,1,1.5,0.75,0.25,14.0,14.0,14.0,16.0,0.0,0.5,0.0,0.0,0.0,24.0,1.0,1.0,0.0,1.0,12.5,13.25,13.75,0.0,16.0,0.0,0.5,0.0,0,1,1,1,1,1,1
ood_inverted,original,3,16,0.03168074488639838,0.21462847860123418,0.034185510132902795,0.18438722779538602,0.5594276161713077,0.7079779683996998,0.749214028366643,1,1,1,1,1,1,6.5,0.25,0.25,14.0,14.0,4.0,8.0,0.0,0.5,0.0,1.0,0.0,8.0,1.0,5.0,0.0,5.0,7.5,13.75,13.75,0.0,7.0,1.0,0.5,1.0,0,1,0,0,0,1,1
ood_inverted,original,4,16,0.041450269520282634,0.2111111756992498,0.037959659291204685,0.17598943919226512,0.5044521804517217,0.5583851007005389,0.705638868910917,1,1,1,1,1,1,1.5,0.25,0.25,14.0,2.5,2.5,24.0,0.5,0.5,0.0,0.0,0.0,24.0,0.5,1.0,0.5,5.0,1.0,2.25,2.25,11.5,24.0,0.5,0.5,0.0,0,1,0,0,1,1,1
ood_inverted,original,5,16,0.03745620548725126,0.21078091171696195,0.04004383483327463,0.17073707688368733,0.5732156825431454,0.40036741485068605,0.816822802311706,1,1,1,1,1,1,1.5,14.0,4.0,14.0,14.0,14.0,12.0,0.0,0.0,0.0,0.0,0.0,24.0,0.0,0.0,0.0,0.5,12.5,0.0,10.0,0.0,12.0,0.0,0.0,0.0,1,1,1,0,0,1,0
ood_inverted,original,6,16,0.0727402701973916,0.21310488496937102,0.06541063149051153,0.19106786878311022,0.6953378265699681,1.3317155202480828,0.8777520066604548,1,1,1,1,1,1,6.5,0.75,2.5,0.75,14.0,2.5,16.0,0.0,3.0,0.0,0.0,0.0,24.0,0.0,3.0,0.0,3.0,7.5,13.25,11.5,13.25,16.0,0.0,3.0,0.0,0,1,0,1,1,1,1
ood_inverted,original,7,16,0.07959766238927835,0.21699877287560965,0.07333508653444375,0.18980321528829536,0.505938001053378,0.7477829305315444,0.7724312025970811,1,1,1,1,1,1,1.5,0.25,0.75,0.25,0.25,14.0,16.0,0.5,5.0,0.0,0.0,0.0,24.0,1.0,5.0,0.5,0.5,1.25,0.0,0.5,0.0,16.0,0.5,5.0,0.0,1,1,1,1,1,0,0
ood_inverted,original,8,16,0.0435175061225892,0.19442270961528957,0.03473107054142749,0.17781715939661463,0.5320374875769275,0.4364357568260119,0.5660986322426724,1,1,1,1,1,1,0.25,14.0,0.75,0.25,0.25,4.0,24.0,0.0,0.0,0.5,0.0,2.0,24.0,0.0,0.0,0.5,0.5,0.0,13.75,0.5,0.0,24.0,0.0,0.0,0.5,0,1,0,0,0,0,0
ood_inverted,original,9,16,0.08664514124393463,0.23580587401517172,0.0795337985836133,0.1822284550605256,0.567125152895746,0.561416472501648,0.7017028154940065,1,1,1,1,1,1,0.75,0.25,0.25,14.0,14.0,14.0,12.0,0.5,0.5,0.0,0.0,0.0,12.0,0.5,0.5,0.5,1.0,13.25,13.75,13.75,0.0,12.0,0.5,0.5,0.0,0,1,0,0,1,1,1
ood_inverted,original,10,16,0.05988778918981552,0.22137001297403974,0.05802536871105039,0.18914840879066208,0.5930379267720239,0.8729062518765006,0.8787373121286975,1,1,1,1,1,1,0.75,0.25,0.25,14.0,14.0,0.25,12.0,0.0,0.5,0.0,0.0,0.0,12.0,0.5,0.5,0.0,1.0,13.25,13.75,13.75,0.0,12.0,0.0,0.5,0.0,0,1,0,1,1,1,1
ood_inverted,original,11,16,0.050459043681621574,0.25321326675405326,0.05124595969762281,0.21864133864697494,0.6067895568880284,0.6610876566066809,0.7668702867908269,1,1,1,1,1,1,0.75,0.25,1.5,0.25,14.0,14.0,8.0,0.0,0.0,0.5,0.0,0.0,8.0,0.5,2.0,0.5,3.0,13.25,13.75,12.5,13.75,8.0,0.0,0.0,0.5,0,1,0,0,0,1,1
ood_inverted,original,12,16,0.047535407543182306,0.22358971416153356,0.04358540899884551,0.19467428464008174,0.6791518193739752,0.7384699102146038,0.7577020047793647,1,1,1,1,1,1,2.5,0.25,0.25,0.25,14.0,14.0,12.0,0.0,0.5,0.0,0.0,0.0,12.0,0.5,0.5,0.5,2.0,11.5,13.75,13.75,13.75,12.0,0.0,0.5,0.0,0,1,0,1,1,1,1
ood_inverted,original,13,16,0.05984051823616021,0.22255793754116665,0.060466338853223445,0.18212829866822067,0.5641983464129432,0.7967991208540912,0.8340097513478794,1,1,1,1,1,1,0.75,0.25,0.25,14.0,14.0,14.0,12.0,0.0,0.5,0.0,0.0,0.0,12.0,0.5,0.5,0.0,5.0,13.25,13.75,13.75,0.0,12.0,0.0,0.5,0.0,0,1,0,1,1,1,1
ood_inverted,original,14,16,0.059918665885925315,0.21085719413239212,0.05159341780316909,0.17826605458997696,0.31857198335613834,1.2805152116547762,0.7289102292566811,1,1,1,1,1,1,0.25,2.5,2.5,14.0,2.5,14.0,12.0,0.0,3.0,0.0,3.0,0.0,12.0,0.0,3.0,0.0,3.0,2.25,0.0,0.0,11.5,9.0,3.0,0.0,3.0,1,1,0,0,0,1,0
ood_inverted,original,15,16,0.07220164388418204,0.24128880349628212,0.08609700030370021,0.1922606521400066,0.5080780879049493,0.7496229199695446,0.7646368365145043,1,1,1,1,1,1,1.5,0.25,0.75,0.25,14.0,0.25,16.0,0.5,1.0,0.5,0.0,0.0,16.0,1.0,1.0,2.0,3.0,12.5,13.75,13.25,13.75,16.0,0.5,1.0,0.5,0,1,0,1,1,1,1
ood_inverted,original,16,16,0.06713173389434823,0.20139434375554505,0.07253724763508891,0.1746848952042651,0.4098525762589027,1.2045778867109873,0.6849860139133678,1,1,1,1,1,1,1.5,0.75,0.75,14.0,10.0,6.5,12.0,1.0,1.0,0.0,0.0,0.0,16.0,1.0,1.0,0.0,3.0,8.5,9.25,9.25,4.0,12.0,1.0,1.0,0.0,0,1,0,0,1,1,1
ood_inverted,original,17,16,0.03557569235563274,0.19982426563302924,0.032834286576601576,0.17275006735899812,0.5087372112246353,0.5298095098245319,0.7555669084497028,1,1,1,1,1,1,0.75,1.5,1.5,1.5,0.75,4.0,8.0,0.0,2.0,0.0,0.0,0.0,8.0,0.0,5.0,0.0,2.0,0.0,0.75,0.75,0.75,8.0,0.0,2.0,0.0,0,1,0,1,1,0,0
ood_inverted,original,18,16,0.04217755496501929,0.2036359397611336,0.04231176172320199,0.16706982297777484,0.5805683692696888,0.7097052877341796,0.8416394822387587,1,1,1,1,1,1,2.5,1.5,1.5,14.0,14.0,14.0,8.0,2.0,2.0,0.0,0.0,0.0,8.0,2.0,2.0,2.0,1.0,11.5,12.5,12.5,0.0,8.0,2.0,2.0,0.0,0,1,0,0,1,1,1
ood_inverted,original,19,16,0.05859729945659653,0.20592517014091632,0.04328092185242571,0.17378223663190712,0.5143778110464398,1.4578225127255102,0.719910550634135,1,1,1,1,1,1,0.25,0.75,0.75,0.75,14.0,14.0,8.0,0.0,0.0,0.0,0.0,0.0,8.0,0.0,0.0,1.0,0.0,13.75,13.25,13.25,13.25,8.0,0.0,0.0,0.0,1,1,0,0,0,1,1
ood_inverted,pre_softmax,0,8,0.0771022528409957,0.33257566676876393,0.07461709708558342,0.2635461360735207,0.6651386550954819,0.4484984009692775,0.8489096432057854,1,1,1,1,1,1,2.5,0.25,4.0,0.25,2.5,0.75,24.0,0.0,0.0,0.5,3.0,0.0,24.0,0.5,5.0,0.5,3.0,0.0,2.25,1.5,2.25,21.0,3.0,3.0,2.5,0,1,0,0,1,0,1
ood_inverted,pre_softmax,1,8,0.09332627728581422,0.1986922397977196,0.07967928171950675,0.17231069249001807,0.9256935738613944,1.5,1.0455099779771924,1,1,1,1,1,1,0.25,0.25,6.5,0.25,1.5,14.0,24.0,0.5,8.0,0.5,0.0,0.0,24.0,0.5,8.0,0.5,0.5,1.25,1.25,5.0,1.25,24.0,0.5,8.0,0.5,0,1,1,1,1,1,1
ood_inverted,pre_softmax,2,8,0.08851823061704633,0.31612267322869997,0.06697074587247513,0.2586089615348779,0.8038337592653733,0.8759637054898294,0.6319451801005921,1,1,1,1,1,1,6.5,14.0,1.5,14.0,0.75,14.0,24.0,0.0,2.0,0.0,0.5,0.0,24.0,0.0,2.0,1.0,2.0,5.75,13.25,0.75,13.25,23.5,0.5,1.5,0.5,0,1,0,1,1,0,0
ood_inverted,pre_softmax,3,8,0.03884481936693185,0.3247769007630452,0.04316002455227403,0.32402627264458855,0.7690280410496179,0.3831653898247097,1.1963175506710189,1,1,1,1,1,1,4.0,0.25,0.25,0.25,2.5,6.5,0.0,0.5,3.0,0.0,0.0,0.0,0.0,0.5,3.0,0.5,1.0,1.5,2.25,2.25,2.25,0.0,0.5,3.0,0.0,0,0,0,1,1,0,1
ood_inverted,pre_softmax,4,8,0.05927838087081905,0.29716539924726165,0.08008939722849748,0.28736064319902554,0.47381119605402555,0.9647528956381305,0.6670691141289555,1,1,1,1,1,1,1.5,0.75,0.75,0.75,14.0,0.25,2.0,0.0,12.0,0.0,0.0,0.0,24.0,1.0,12.0,0.0,0.0,12.5,13.25,13.25,13.25,2.0,0.0,12.0,0.0,0,1,0,1,1,1,1
ood_inverted,pre_softmax,5,8,0.04394643902778628,0.21061045307140708,0.0568530896782341,0.21772225922176586,0.8468517488512131,0.618053925379699,0.6675996032016006,1,1,1,1,1,1,0.75,0.25,1.5,14.0,0.25,4.0,1.0,0.0,12.0,0.0,0.0,0.0,8.0,0.5,12.0,0.5,0.5,0.5,0.0,1.25,13.75,1.0,0.0,12.0,0.0,1,1,1,1,1,0,0
ood_inverted,pre_softmax,6,8,0.09948298186063764,0.3902148586325169,0.08061222010617,0.32172110567345125,0.8755552593485912,0.4208630281368434,0.7601418357814986,1,1,1,1,1,1,0.75,0.25,0.25,0.25,4.0,14.0,24.0,0.5,3.0,0.0,0.5,0.0,24.0,0.5,3.0,0.5,0.5,3.25,3.75,3.75,3.75,23.5,0.0,2.5,0.5,0,1,0,1,1,1,1
ood_inverted,pre_softmax,7,8,0.07938944101333612,0.3065762085008097,0.08441259649909597,0.2619611311502856,0.8497537562706554,0.8310001587492017,0.7537158847224419,1,1,1,1,1,1,0.25,1.5,1.5,0.25,0.25,2.5,8.0,0.0,0.0,0.0,0.5,0.0,8.0,0.0,0.0,0.5,3.0,0.0,1.25,1.25,0.0,7.5,0.5,0.5,0.5,0,1,0,0,0,0,0
ood_inverted,pre_softmax,8,8,0.09188981875777247,0.33753267223791,0.08829655300056936,0.3154051761045347,1.063540391166028,0.12742191838699501,0.6663582133663541,1,1,1,1,1,1,0.25,0.25,0.75,0.25,0.25,14.0,8.0,0.0,0.0,0.5,0.5,0.0,12.0,0.5,0.0,0.5,2.0,0.0,0.0,0.5,0.0,7.5,0.5,0.5,0.0,0,1,1,0,1,0,0
ood_inverted,pre_softmax,9,8,0.14372276067733758,0.3511980703490083,0.13987041712186712,0.2925331350558976,0.7465995694724061,0.5798963167491236,0.5589156797205395,1,1,1,1,1,1,4.0,14.0,2.5,4.0,2.5,6.5,5.0,0.0,3.0,0.0,0.0,0.0,24.0,0.0,3.0,0.0,0.5,1.5,11.5,0.0,1.5,5.0,0.0,3.0,0.0,0,1,0,1,1,0,0
ood_inverted,pre_softmax,10,8,0.06271177083253865,0.312507425796079,0.06372537328108485,0.2746935256585663,1.117811927507189,1.4902101277216628,0.7511679528366154,1,1,1,1,1,1,0.75,0.25,4.0,0.25,0.25,14.0,24.0,0.5,12.0,0.5,0.0,0.0,24.0,0.5,12.0,1.0,1.0,0.5,0.0,3.75,0.0,24.0,0.5,12.0,0.5,1,1,1,1,1,0,0
ood_inverted,pre_softmax,11,8,0.06581314206123356,0.32529682288282835,0.07204173986284895,0.31226687572819034,0.7058442332754769,0.3889053254781558,0.674091832631871,1,1,1,1,1,1,0.75,0.25,0.25,10.0,0.75,14.0,12.0,0.5,8.0,0.0,0.0,0.0,12.0,0.5,8.0,1.0,1.0,0.0,0.5,0.5,9.25,12.0,0.5,8.0,0.0,0,1,0,1,1,0,1
ood_inverted,pre_softmax,12,8,0.08636167272925377,0.1936190121511585,0.08179750952225728,0.23071725691093276,0.5786523420669819,0.3863216346987062,0.8905742624625917,1,1,1,1,1,1,0.75,0.25,0.25,0.75,0.25,6.5,12.0,0.5,0.5,1.0,2.0,0.0,12.0,1.0,0.5,1.0,3.0,0.5,0.0,0.0,0.5,10.0,1.5,1.5,1.0,1,1,0,0,1,0,0
ood_inverted,pre_softmax,13,8,0.08823766112327569,0.27601482991331866,0.07478626099510724,0.20122856891821145,0.6947460149235025,0.27213213179156204,0.8232558049563784,1,1,1,1,1,1,0.25,1.5,1.5,0.75,14.0,10.0,24.0,0.0,0.0,0.0,0.0,0.0,24.0,0.0,0.0,0.0,2.0,13.75,12.5,12.5,13.25,24.0,0.0,0.0,0.0,1,1,0,0,0,1,1
ood_inverted,pre_softmax,14,8,0.03350345641374597,0.25626662331680583,0.03398069865220624,0.2631396427527354,0.6063341777571327,0.6235389834662733,0.9047984178017056,1,1,1,1,1,1,0.75,0.25,1.5,0.25,14.0,0.25,3.0,0.5,5.0,0.5,0.0,0.0,12.0,0.5,5.0,0.5,0.5,13.25,13.75,12.5,13.75,3.0,0.5,5.0,0.5,0,1,0,1,1,1,1
ood_inverted,pre_softmax,15,8,0.10113461315631866,0.2583166946733439,0.08128966498403678,0.25558444248397266,0.6665388641408834,0.7110730841017769,0.8014391732812158,1,1,1,1,1,1,0.75,0.25,2.5,4.0,14.0,10.0,12.0,0.5,0.0,0.5,0.0,0.0,12.0,0.5,0.5,1.0,0.5,13.25,13.75,11.5,10.0,12.0,0.5,0.0,0.5,0,1,0,0,0,1,1
ood_inverted,pre_softmax,16,8,0.13440273106098177,0.39433536657808904,0.09961525294189048,0.31359577924307624,0.867218649703028,1.2227217339484728,0.8481304300400097,1,1,1,1,1,1,2.5,0.75,0.75,0.75,0.75,2.5,24.0,1.0,1.0,0.0,1.0,0.0,24.0,1.0,1.0,0.0,5.0,1.75,0.0,0.0,0.0,23.0,0.0,0.0,1.0,1,1,0,0,0,0,0
ood_inverted,pre_softmax,17,8,0.061966017633676485,0.28036958560842956,0.066657810536614,0.27727042582247796,0.9361119105709481,0.9869869643667898,1.0315781116640925,1,1,1,1,1,1,0.25,14.0,0.75,14.0,14.0,4.0,5.0,0.0,24.0,0.0,0.0,0.0,5.0,0.0,24.0,0.5,0.0,13.75,0.0,13.25,0.0,5.0,0.0,24.0,0.0,1,1,1,1,1,1,0
ood_inverted,pre_softmax,18,8,0.051873459666967436,0.2658072614435401,0.04818832741029092,0.23714967634228762,0.7385529763724785,1.46792668738572,0.8482845472608589,1,1,1,1,1,1,0.25,0.75,0.75,1.5,14.0,10.0,24.0,0.0,12.0,0.0,1.0,0.0,24.0,0.0,12.0,0.0,3.0,13.75,13.25,13.25,12.5,23.0,1.0,11.0,1.0,1,1,0,1,1,1,1
ood_inverted,pre_softmax,19,8,0.0818601682782173,0.256132732068781,0.09599198735812864,0.31770938630976253,0.8447536048429086,1.4176167781551112,1.1564270668719703,1,1,1,1,1,1,0.75,0.25,0.25,1.5,0.75,0.25,0.0,0.5,24.0,0.0,1.0,0.0,1.0,2.0,24.0,2.0,1.0,0.0,0.5,0.5,0.75,1.0,0.5,23.0,1.0,0,1,0,1,1,0,1
ood_inverted,pre_softmax,0,16,0.06768534779548652,0.2707658589832446,0.06758603712715994,0.22741892380035417,0.5119572468129117,0.6279220768533209,0.8989659001369106,1,1,1,1,1,1,0.75,0.25,0.25,1.5,0.75,4.0,5.0,0.5,0.5,0.0,0.0,0.0,5.0,0.5,0.5,0.0,1.0,0.0,0.5,0.5,0.75,5.0,0.5,0.5,0.0,0,1,0,0,1,0,1
ood_inverted,pre_softmax,1,16,0.039376366138458185,0.12969762890290237,0.03030585726528364,0.12134868842855911,0.7762861329524529,0.9976491397475871,0.9920374573408356,1,1,1,1,1,1,0.75,0.25,1.5,0.75,1.5,14.0,24.0,0.0,0.0,1.0,0.0,0.0,24.0,0.5,0.5,1.0,5.0,0.75,1.25,0.0,0.75,24.0,0.0,0.0,1.0,0,1,0,0,0,1,1
ood_inverted,pre_softmax,2,16,0.07344301640987394,0.2413860592633763,0.058461757134412956,0.20154717582806853,0.4627114538915097,0.7753198564743967,0.6002718998699914,1,1,1,1,1,1,1.5,0.75,0.75,0.25,0.75,6.5,24.0,0.0,1.0,0.0,0.5,0.0,24.0,1.0,1.0,0.5,3.0,0.75,0.0,0.0,0.5,23.5,0.5,0.5,0.5,1,1,0,0,0,0,0
ood_inverted,pre_softmax,3,16,0.07525325044989584,0.2754953401302842,0.060095919927676655,0.26207019634180395,0.41924022995157406,0.4385731589803078,0.3090139162559449,1,1,1,1,1,1,2.5,0.25,1.5,0.25,14.0,0.25,12.0,0.0,2.0,0.0,0.0,0.0,24.0,2.0,2.0,0.5,0.5,11.5,13.75,12.5,13.75,12.0,0.0,2.0,0.0,0,1,0,1,1,1,1
ood_inverted,pre_softmax,4,16,0.0875580415129662,0.25328853634793946,0.08648058100965801,0.2131850816595695,0.6370267557777523,1.3288053945665992,0.5578734569923758,1,1,1,1,1,1,1.5,0.75,0.75,14.0,14.0,0.25,0.0,1.0,1.0,0.0,0.0,0.0,0.0,1.0,1.0,0.0,0.0,12.5,13.25,13.25,0.0,0.0,1.0,1.0,0.0,0,0,0,0,1,1,1
ood_inverted,pre_softmax,5,16,0.0345257624983788,0.18342521655391825,0.05135366070739052,0.2021861092457628,0.6469196672525168,0.4002556031524389,0.770893291676689,1,1,1,1,1,1,1.5,0.25,0.25,1.5,14.0,4.0,0.0,0.0,8.0,0.0,0.0,0.0,0.0,0.5,8.0,0.0,0.0,12.5,13.75,13.75,12.5,0.0,0.0,8.0,0.0,0,0,0,1,1,1,1
ood_inverted,pre_softmax,6,16,0.0673123300075531,0.2699451197649908,0.0615095241555978,0.23550246766376037,0.40191525949212925,0.590233535719819,0.679386992229598,1,1,1,1,1,1,0.75,0.25,0.25,0.25,14.0,4.0,12.0,0.5,0.5,0.0,0.0,0.0,12.0,0.5,0.5,0.5,2.0,13.25,13.75,13.75,13.75,12.0,0.5,0.5,0.0,0,1,0,0,1,1,1
ood_inverted,pre_softmax,7,16,0.08157260119915011,0.26573392962364895,0.07252759350999964,0.2096929756248867,0.7047804189102009,0.4324804519060551,0.8064786998483773,1,1,1,1,1,1,1.5,0.25,0.25,0.75,1.5,6.5,0.0,0.5,1.0,0.0,0.0,0.0,24.0,1.0,1.0,0.0,5.0,0.0,1.25,1.25,0.75,0.0,0.5,1.0,0.0,0,0,0,1,1,0,1
ood_inverted,pre_softmax,8,16,0.0875296652317048,0.2521676371979061,0.07884762041098234,0.21386180194823773,0.8704296132001403,1.5,0.7429430864942639,1,1,1,1,1,1,0.25,0.75,0.75,0.25,14.0,14.0,24.0,0.0,5.0,0.0,0.0,0.0,24.0,0.0,5.0,0.5,0.0,13.75,13.25,13.25,13.75,24.0,0.0,5.0,0.0,1,1,0,1,1,1,1
ood_inverted,pre_softmax,9,16,0.07088837772607803,0.24331067548831414,0.059714875133263935,0.18996394532509517,0.5919694438783997,0.3686119770616628,0.6582818401984916,1,1,1,1,1,1,0.75,0.75,0.25,0.75,0.25,4.0,24.0,0.0,0.5,0.0,0.0,0.0,24.0,1.0,0.5,0.0,0.5,0.5,0.5,0.0,0.5,24.0,0.0,0.5,0.0,0,1,0,1,1,0,0
ood_inverted,pre_softmax,10,16,0.055133365094661824,0.2417397818928922,0.05537421728985674,0.23255859552938907,1.0891764360423275,1.4984909603167327,0.2293644446365154,1,1,1,1,1,1,2.5,0.25,1.5,0.75,14.0,2.5,12.0,0.0,8.0,0.5,0.0,0.0,12.0,2.0,8.0,1.0,0.0,11.5,13.75,12.5,13.25,12.0,0.0,8.0,0.5,0,1,0,1,1,1,1
ood_inverted,pre_softmax,11,16,0.04324011057615296,0.25035075117874694,0.03233158389017113,0.2291470467229635,0.6557039524008872,0.9117247441170881,0.6046660768921036,1,1,1,1,1,1,0.75,0.25,0.25,14.0,14.0,0.75,24.0,0.0,0.5,0.0,0.0,0.0,24.0,0.5,0.5,0.0,0.5,13.25,13.75,13.75,0.0,24.0,0.0,0.5,0.0,0,1,0,1,1,1,1
ood_inverted,pre_softmax,12,16,0.04933045953512194,0.1622236160753927,0.05569510163873206,0.16666500604574264,0.49103560598027424,0.1370778590421523,0.7804573836048554,1,1,1,1,1,1,0.75,2.5,2.5,2.5,0.75,0.25,12.0,0.0,8.0,0.0,0.0,0.5,12.0,0.0,8.0,1.0,1.0,0.0,1.75,1.75,1.75,12.0,0.0,8.0,0.0,0,1,0,1,1,0,0
ood_inverted,pre_softmax,13,16,0.06582146883010853,0.26159888350148514,0.052078562575881115,0.21005493081084947,0.5102199711060136,0.35350853755245215,0.880068195105843,1,1,1,1,1,1,0.25,4.0,4.0,4.0,0.25,14.0,24.0,0.0,0.0,0.0,0.0,0.0,24.0,0.0,0.0,0.5,0.5,0.0,3.75,3.75,3.75,24.0,0.0,0.0,0.0,0,1,0,0,0,0,0
ood_inverted,pre_softmax,14,16,0.0499379605054856,0.2123582672447828,0.0357180167449359,0.18098974981952717,0.4527818549953695,0.9732283557165369,0.938049850707152,1,1,1,1,1,1,0.25,0.75,0.75,10.0,14.0,6.5,24.0,0.0,1.0,0.0,0.0,0.0,24.0,0.0,1.0,0.0,0.5,13.75,13.25,13.25,4.0,24.0,0.0,1.0,0.0,1,1,0,1,1,1,1
ood_inverted,pre_softmax,15,16,0.11049570143222809,0.26394679638772645,0.08754593108388352,0.19777429070980662,0.5926408881603776,0.5296913800899086,0.8208339349704283,1,1,1,1,1,1,0.75,0.25,0.25,0.75,14.0,4.0,24.0,0.0,0.5,0.0,0.0,0.0,24.0,0.5,0.5,0.0,0.0,13.25,13.75,13.75,13.25,24.0,0.0,0.5,0.0,0,1,0,1,1,1,1
ood_inverted,pre_softmax,16,16,0.06766204982995982,0.2645897819064075,0.041201649369223325,0.25544007672071645,0.41803930368257336,1.0062412762026531,0.335039952171423,1,1,1,1,1,1,2.5,0.75,0.75,0.75,1.5,0.25,16.0,0.0,1.0,0.0,0.0,0.0,16.0,1.0,2.0,1.0,2.0,1.0,0.75,0.75,0.75,16.0,0.0,1.0,0.0,1,1,0,1,1,0,1
ood_inverted,pre_softmax,17,16,0.059826805442571684,0.25182531849609674,0.05347577328410112,0.20624523651668072,0.7479849013344803,0.688081603494739,1.0386915924105118,1,1,1,1,1,1,0.75,1.5,1.5,14.0,1.5,4.0,5.0,0.0,3.0,0.0,0.0,0.0,24.0,0.5,8.0,0.5,0.5,0.75,0.0,0.0,12.5,5.0,0.0,3.0,0.0,1,1,0,1,1,1,0
ood_inverted,pre_softmax,18,16,0.0387716449797153,0.20781634159116735,0.041520282262477476,0.18424287152431845,0.4672163662910552,1.4936612856085527,1.0314784882759562,1,1,1,1,1,1,2.5,0.25,0.25,1.5,0.75,2.5,0.0,2.0,2.0,0.0,0.0,0.0,24.0,2.0,2.0,2.0,3.0,1.75,0.5,0.5,0.75,0.0,2.0,2.0,0.0,1,0,0,0,1,0,1
ood_inverted,pre_softmax,19,16,0.039584986865520366,0.2029381122732148,0.05088635421209749,0.23285331986886215,0.4873174238032558,1.1248954223976257,1.204794995566656,1,1,1,1,1,1,0.25,0.75,0.75,0.25,1.5,10.0,12.0,0.5,24.0,0.0,2.0,0.0,16.0,1.0,24.0,0.5,3.0,1.25,0.75,0.75,1.25,10.0,1.5,22.0,2.0,1,1,0,1,1,1,1
