split,variant,K,C,U_symbol_mean,U_symbol_sem,U_cont_log2_mean,U_cont_K_mean,rank_score_mean,dyn_score_mean,dyn_score_null_mean,dyn_score_delta_mean,trans_pred_mean,trans_pred_null_mean,future_mi_mean,future_mi_null_mean,low_signal_rate
id,original,8,0.0,0.8675773699018328,0.010477735044979649,0.8688089463872968,0.9589042337002015,0.7237969362735749,0.6528435862607892,0.052726484311230684,0.6001171019495584,0.7785220643355034,0.07446870005407433,0.35959380408645564,0.0019946475779288684,0.0
id,original,8,0.5,0.865579252121442,0.01019922971533186,0.8730971278373671,0.9596617752285279,0.7279696831107139,0.6424743634837441,0.048711159005263724,0.5937632044784803,0.7667886139070713,0.06880266856109377,0.35240777916264737,0.0018309700416603194,0.0
id,original,8,1.0,0.8552618477976456,0.008183571112101086,0.8742407340383174,0.9565120141322028,0.727057924196124,0.6426417512396021,0.04980543878755379,0.5928363124520483,0.7708626614783483,0.0703604730807215,0.3434596273491947,0.0018436921034957413,0.0
id,original,8,2.0,0.8168169304188615,0.009870763658577537,0.8507202776789986,0.9403690905546378,0.7301049105823039,0.614027892816787,0.04504645517448251,0.5689814376423049,0.7466874737215196,0.06357012220599045,0.30448887070574504,0.0018245654342973123,0.0
id,original,8,3.0,0.7273341258949861,0.011274666414648254,0.7442390595958718,0.9074088023745561,0.7243039043247699,0.5707279665898239,0.04935803013020722,0.5213699364596168,0.7116722538773385,0.06976988465765863,0.2418579629189571,0.0017303695661539005,0.0
id,original,8,5.0,0.6505694298614139,0.009128404471986928,0.6959068173374408,0.8787861079184554,0.7336050018668175,0.5486104480381433,0.04309473378971734,0.5055157142484259,0.6871888402468224,0.06079394099285531,0.22526086621789276,0.0017965836490620793,0.0
id,original,8,8.0,0.4733771128937073,0.009241931654172853,0.5140643924816206,0.8549640316603604,0.7576510367542506,0.46060388618670867,0.024628690188257883,0.4359751959984508,0.6001641620738695,0.03438165665818173,0.13496324245000038,0.0018717684251022433,0.0
id,original,8,12.0,0.23942803040423005,0.015112027643706491,0.21296283741091324,0.8016307364134144,0.7567487125843764,0.3897882073165844,0.028762967338202088,0.3610252399783823,0.5172740693652973,0.04028642013520245,0.09232119586958795,0.0018749108118679217,0.0
id,original,8,16.0,0.6511895719076993,0.007737802722523935,0.6092355352268239,0.9009664613628358,0.7585061031579973,0.4297507141968683,0.018452873381820004,0.4112978408150482,0.5368917075585344,0.025537640884855255,0.1797550630196472,0.0019217492080710861,0.0
id,original,8,24.0,0.1807466495362095,0.007375566646942048,0.11225089536727655,0.37231172010606917,0.7603104529529809,0.34175154826987225,0.02299729838124135,0.318754249888631,0.4664046725635851,0.03203551806352902,0.05089425825120909,0.0019081191225701107,0.0
id,original,16,0.0,0.9196055871485612,0.004782070122524745,0.9166897677043672,0.9844752820396874,0.7311049661040306,0.5898641543344431,0.05288631103646206,0.5369778432979809,0.7012885544647328,0.074098077441465,0.32987388736376655,0.0033921894247885285,0.0
id,original,16,0.5,0.9119773251487681,0.004003254666737461,0.9159028609871053,0.9856309251014764,0.7253242725133896,0.595563696850866,0.05938124011239184,0.5361824567384742,0.7097473556141187,0.08338339066458415,0.32913515973660956,0.003376222157276456,0.0
id,original,16,1.0,0.9078053692190947,0.005267161160979387,0.9123179951167717,0.9850920105711026,0.7286713685840367,0.58739022774879,0.05642110295336657,0.5309691247954234,0.7022838460124567,0.07914989582790916,0.3193051184669012,0.003387252912767206,0.0
id,original,16,2.0,0.8683767867569951,0.004849213346340332,0.8808477849428982,0.9818632691834818,0.7354528217017651,0.5670189121044341,0.048379101678431305,0.5186398104260028,0.6851482804262227,0.0675981221390933,0.29138371935359403,0.0035347206035533326,0.0
id,original,16,3.0,0.8065195612508452,0.006274165887470711,0.8037785707429451,0.9770137323069147,0.7339633752405643,0.5370679411079717,0.049108376268961015,0.4879595648390109,0.6606028885479017,0.06864461077219589,0.24881973041480193,0.00352382909474638,0.0
id,original,16,5.0,0.7366224022319869,0.007426908098726656,0.7143926121692055,0.9755979143531626,0.7324189308285712,0.520160001054357,0.05187373512547059,0.46828626592888634,0.6467765335875939,0.0726377770525552,0.2247214251434709,0.0034243039622732173,0.0
id,original,16,8.0,0.6089556959683422,0.009682336478390695,0.5718603590805376,0.9660556833484486,0.7566055730730296,0.4661455032192521,0.033150316363989664,0.4329951868552624,0.5995156570599397,0.04585262716486724,0.1549484775909809,0.0035115911619419777,0.0
id,original,16,12.0,0.5097316743772902,0.014899537825590206,0.36577527612089195,0.9524533304158854,0.7584471534937619,0.4248320511675832,0.03298357496303154,0.3918484762045517,0.5541665944987465,0.04562491353599235,0.12305145006153555,0.003487118292789658,0.0
id,original,16,16.0,0.7363295761210791,0.00927025695256582,0.7067235408568338,0.9699050554420335,0.7575353908538818,0.4548804623135381,0.02551748044935038,0.42936298186418764,0.5637676012255728,0.034992911663123336,0.20081047151879075,0.0034081409505468093,0.0
id,original,16,24.0,0.31185456761761843,0.012451164680939647,0.13176056674233913,0.7592890883308924,0.7585742483288049,0.3903738654255723,0.0313523104759633,0.3590215549496089,0.5273776588429564,0.04331343231186603,0.07069834745167554,0.003443026192190253,0.0
id,pre_softmax,8,0.0,0.7744758660143027,0.03939047146461993,0.782438760812329,0.9778673889517273,0.6603850568458437,0.5121262030555422,0.07951578419546526,0.43261041886007695,0.5879725670618037,0.11281610453995945,0.3351513537075989,0.0018150367249788306,0.0
id,pre_softmax,8,0.5,0.7908112302140377,0.040332887329207145,0.7908568664356426,0.9796007899188657,0.6580442498996854,0.520235022843967,0.08306181609174951,0.4371732067522175,0.5970122876263019,0.11779149096998262,0.34108807168518546,0.0020259080425389176,0.0
id,pre_softmax,8,1.0,0.8107844115665068,0.01435919555292394,0.8008425284831917,0.9791579530511424,0.6648871691524981,0.5084143311578528,0.07535200013640692,0.43306233102144587,0.5854617006177771,0.10683369089607415,0.3286371357513628,0.0018947216971833755,0.0
id,pre_softmax,8,2.0,0.7101674675545238,0.04667788742472421,0.6848086261395032,0.9731733832993541,0.666775721050799,0.4914000968192672,0.07312783845406996,0.4182722583651973,0.5736121002728958,0.10373614576791428,0.2995720887608009,0.0017084547217665479,0.0
id,pre_softmax,8,3.0,0.6840256545132756,0.031030476594045873,0.4714042480362316,0.9622749994326544,0.6651210163161158,0.4292890139664932,0.0762184565210228,0.35307055744547033,0.5173683402221789,0.108026542497816,0.2237705860365598,0.0019995892418386524,0.0
id,pre_softmax,8,5.0,0.645603565081412,0.02909088155992284,0.4760086357149568,0.9558985903249877,0.6709391059726476,0.4108136375740795,0.0751740010993924,0.3356396364746871,0.49811581116440207,0.10659570703656522,0.20710856586332657,0.0018566872459891619,0.0
id,pre_softmax,8,8.0,0.5365859755466441,0.02832283220925808,0.4680414290884299,0.9553535518059976,0.6814019571989774,0.3575857894977846,0.06804955567200496,0.28953623382577964,0.44476291752435937,0.09643756036248598,0.15417249076910983,0.0018108780608826161,0.0
id,pre_softmax,8,12.0,0.3700893688979224,0.04737150692073384,0.2754410292975207,0.9375082279725788,0.6888145703822374,0.3274455151405018,0.0637881287535982,0.26365738638690356,0.4171452999470577,0.0903424264228477,0.11814601725853804,0.001828100858682713,0.0
id,pre_softmax,8,16.0,0.5441364154220405,0.04551173173940379,0.513636127886938,0.9168016331815056,0.6842709507420659,0.37291399146267146,0.06560183770469294,0.3073121537579786,0.46205620732480834,0.09289807428278148,0.16491548778435244,0.0019106190224863582,0.0
id,pre_softmax,8,24.0,0.17762631391030814,0.020313458108378566,0.15441434908328683,0.4460864668749244,0.6979826765507459,0.24630325175015036,0.0628759000743592,0.1834273516757911,0.3371585237598934,0.08906845920382642,0.03430761706074979,0.0017599287722690673,0.0
id,pre_softmax,16,0.0,0.9237566953346654,0.005137574521495086,0.8834237653636313,0.998130553578479,0.6832096801325679,0.48472133816687724,0.06473689001028393,0.41998444815659325,0.555401249350158,0.09103546634421837,0.31980154540588823,0.003373545231103594,0.0
id,pre_softmax,16,0.5,0.9234223107938009,0.005741929826333061,0.8856973725496887,0.9987646210551807,0.6725786070898174,0.4947984418024097,0.07519026372049178,0.41960817808191797,0.5676075460124952,0.10589321523534098,0.3249105319788772,0.0035500435191769867,0.0
id,pre_softmax,16,1.0,0.9228404414197667,0.005276668911327294,0.8790022812951316,0.9991700705395772,0.6741798593103885,0.4879144191207524,0.07294999545185978,0.41496442366889263,0.5614694454322136,0.1026701485694489,0.3162860243940101,0.003602971510818471,0.0
id,pre_softmax,16,2.0,0.9211803183731548,0.0031826040196070264,0.828859237661214,0.9992103317451291,0.6735529455915092,0.47618416223632065,0.07268248199581785,0.4035016802405028,0.5555143580400644,0.10230319778643548,0.2910803720275855,0.003567478484376813,0.0
id,pre_softmax,16,3.0,0.889254089355345,0.007624502229059461,0.7139756053244167,0.9985335290344786,0.680115430764854,0.4470895629839239,0.06820570031801156,0.37888386266591234,0.5338772895280748,0.09594225176118991,0.2445848677142385,0.00348708028392873,0.0
id,pre_softmax,16,5.0,0.8586717281662771,0.012989088961077238,0.6314876494478756,0.9978529013212093,0.6874234577268361,0.43047324763639916,0.0644787905487321,0.3659944570876671,0.5161297462514682,0.09064356517813102,0.23060808420123807,0.0034276497468013305,0.0
id,pre_softmax,16,8.0,0.8360557360273866,0.00901159011714884,0.541643459285203,0.997008430341012,0.6892308392375707,0.3904347183871144,0.06820060017463087,0.32223411821248354,0.47846203081708605,0.09592352285051092,0.18503765605051375,0.003513780597577404,0.0
id,pre_softmax,16,12.0,0.7471968611660754,0.013664630823122019,0.42957142370660434,0.9934224487641335,0.7042164353281261,0.36745541371735685,0.05250313084354848,0.31495228287380833,0.45646728568653083,0.07349208797201737,0.15976104578928407,0.0035288975437877887,0.0
id,pre_softmax,16,16.0,0.786069260607817,0.00633696601627462,0.7010461704579638,0.9799336813638975,0.694163322933018,0.3797129588998782,0.060212245270668506,0.31950071362920973,0.46455749791815376,0.08441297770267317,0.18174236785723524,0.003743869595990934,0.0
id,pre_softmax,16,24.0,0.3958385775233908,0.028411353563686563,0.2150890407624174,0.750726242277185,0.7104248880594968,0.27311325647151125,0.05470874369044569,0.2184045127810656,0.3683468558833246,0.07666746384882521,0.05090152451061366,0.0034717299875601433,0.0
ood_inverted,original,8,0.0,0.8927769191921963,0.010407989107134467,0.7945878451011081,0.8732527438981712,0.7237969362735749,0.6528435862607892,0.052726484311230684,0.6001171019495584,0.7785220643355034,0.07446870005407433,0.35959380408645564,0.0019946475779288684,0.0
ood_inverted,original,8,0.5,0.8948875885226725,0.011073653539429469,0.804243522336505,0.873926535240706,0.7279696831107139,0.6424743634837441,0.048711159005263724,0.5937632044784803,0.7667886139070713,0.06880266856109377,0.35240777916264737,0.0018309700416603194,0.0
ood_inverted,original,8,1.0,0.9016960463675291,0.010168569590744473,0.8112908140891648,0.8689110637341108,0.727057924196124,0.6426417512396021,0.04980543878755379,0.5928363124520483,0.7708626614783483,0.0703604730807215,0.3434596273491947,0.0018436921034957413,0.0
ood_inverted,original,8,2.0,0.9066601676298165,0.011941600190247233,0.8059979003037331,0.8233352181251462,0.7301049105823039,0.614027892816787,0.04504645517448251,0.5689814376423049,0.7466874737215196,0.06357012220599045,0.30448887070574504,0.0018245654342973123,0.0
ood_inverted,original,8,3.0,0.8709004640397018,0.015454372379584115,0.7424816287190189,0.7041978688073449,0.7243039043247699,0.5707279665898239,0.04935803013020722,0.5213699364596168,0.7116722538773385,0.06976988465765863,0.2418579629189571,0.0017303695661539005,0.0
ood_inverted,original,8,5.0,0.8422223298330926,0.010494651459758999,0.7642021168686381,0.6031492366794639,0.7336050018668175,0.5486104480381433,0.04309473378971734,0.5055157142484259,0.6871888402468224,0.06079394099285531,0.22526086621789276,0.0017965836490620793,0.0
ood_inverted,original,8,8.0,0.5850467956477049,0.012774458845405252,0.5585099182964821,0.396700229258992,0.7576510367542506,0.46060388618670867,0.024628690188257883,0.4359751959984508,0.6001641620738695,0.03438165665818173,0.13496324245000038,0.0018717684251022433,0.0
ood_inverted,original,8,12.0,0.30517241389128974,0.020283670237178326,0.17296633902264474,0.06413876890237401,0.7567487125843764,0.3897882073165844,0.028762967338202088,0.3610252399783823,0.5172740693652973,0.04028642013520245,0.09232119586958795,0.0018749108118679217,0.0
ood_inverted,original,8,16.0,0.7397604023963801,0.01229374928883473,0.6007049725940329,0.6608106447886094,0.7585061031579973,0.4297507141968683,0.018452873381820004,0.4112978408150482,0.5368917075585344,0.025537640884855255,0.1797550630196472,0.0019217492080710861,0.0
ood_inverted,original,8,24.0,0.24075547105850234,0.010443334933456281,0.07911236748201948,0.20388545821956758,0.7603104529529809,0.34175154826987225,0.02299729838124135,0.318754249888631,0.4664046725635851,0.03203551806352902,0.05089425825120909,0.0019081191225701107,0.0
ood_inverted,original,16,0.0,0.9383076990091048,0.006515043975626303,0.8244483319956496,0.9562998306017952,0.7311049661040306,0.5898641543344431,0.05288631103646206,0.5369778432979809,0.7012885544647328,0.074098077441465,0.32987388736376655,0.0033921894247885285,0.0
ood_inverted,original,16,0.5,0.9410109090889044,0.007051737101384978,0.8300613498209698,0.9597179638526908,0.7253242725133896,0.595563696850866,0.05938124011239184,0.5361824567384742,0.7097473556141187,0.08338339066458415,0.32913515973660956,0.003376222157276456,0.0
ood_inverted,original,16,1.0,0.9448700169639936,0.007724878676444282,0.8318544339981102,0.9562743113790504,0.7286713685840367,0.58739022774879,0.05642110295336657,0.5309691247954234,0.7022838460124567,0.07914989582790916,0.3193051184669012,0.003387252912767206,0.0
ood_inverted,original,16,2.0,0.933132522228864,0.010234954898401863,0.8168391404132599,0.941039357129984,0.7354528217017651,0.5670189121044341,0.048379101678431305,0.5186398104260028,0.6851482804262227,0.0675981221390933,0.29138371935359403,0.0035347206035533326,0.0
ood_inverted,original,16,3.0,0.9390470243988667,0.010650667392666032,0.7592545803479125,0.9204290637269491,0.7339633752405643,0.5370679411079717,0.049108376268961015,0.4879595648390109,0.6606028885479017,0.06864461077219589,0.24881973041480193,0.00352382909474638,0.0
ood_inverted,original,16,5.0,0.9122370846401561,0.012060478359580703,0.7668890208678285,0.9036434037886931,0.7324189308285712,0.520160001054357,0.05187373512547059,0.46828626592888634,0.6467765335875939,0.0726377770525552,0.2247214251434709,0.0034243039622732173,0.0
ood_inverted,original,16,8.0,0.6840746406575172,0.014426301069926215,0.5484490806890735,0.850999306505814,0.7566055730730296,0.4661455032192521,0.033150316363989664,0.4329951868552624,0.5995156570599397,0.04585262716486724,0.1549484775909809,0.0035115911619419777,0.0
ood_inverted,original,16,12.0,0.6023935818324407,0.020966600218125773,0.21270878490839512,0.7186497242529714,0.7584471534937619,0.4248320511675832,0.03298357496303154,0.3918484762045517,0.5541665944987465,0.04562491353599235,0.12305145006153555,0.003487118292789658,0.0
ood_inverted,original,16,16.0,0.8314157896657793,0.011708093629811586,0.6816452776232418,0.7907065032023706,0.7575353908538818,0.4548804623135381,0.02551748044935038,0.42936298186418764,0.5637676012255728,0.034992911663123336,0.20081047151879075,0.0034081409505468093,0.0
ood_inverted,original,16,24.0,0.41388673342360754,0.019835500748651643,0.11252689657929163,0.1389052043307981,0.7585742483288049,0.3903738654255723,0.0313523104759633,0.3590215549496089,0.5273776588429564,0.04331343231186603,0.07069834745167554,0.003443026192190253,0.0
ood_inverted,pre_softmax,8,0.0,0.7778557787669906,0.04313367769180236,0.840555201317633,0.9777908392252581,0.6603850568458437,0.5121262030555422,0.07951578419546526,0.43261041886007695,0.5879725670618037,0.11281610453995945,0.3351513537075989,0.0018150367249788306,0.0
ood_inverted,pre_softmax,8,0.5,0.7855428723089586,0.04638359571796187,0.8476592782754258,0.9776455811336797,0.6580442498996854,0.520235022843967,0.08306181609174951,0.4371732067522175,0.5970122876263019,0.11779149096998262,0.34108807168518546,0.0020259080425389176,0.0
ood_inverted,pre_softmax,8,1.0,0.8211122755131262,0.015883136350744474,0.8629313722867673,0.9768075478880762,0.6648871691524981,0.5084143311578528,0.07535200013640692,0.43306233102144587,0.5854617006177771,0.10683369089607415,0.3286371357513628,0.0018947216971833755,0.0
ood_inverted,pre_softmax,8,2.0,0.7613169634718259,0.05109994833766215,0.7714852426726035,0.9647987505000828,0.666775721050799,0.4914000968192672,0.07312783845406996,0.4182722583651973,0.5736121002728958,0.10373614576791428,0.2995720887608009,0.0017084547217665479,0.0
ood_inverted,pre_softmax,8,3.0,0.7837868588055867,0.03640685173003287,0.5834194909634081,0.952426620535206,0.6651210163161158,0.4292890139664932,0.0762184565210228,0.35307055744547033,0.5173683402221789,0.108026542497816,0.2237705860365598,0.0019995892418386524,0.0
ood_inverted,pre_softmax,8,5.0,0.7550805760535474,0.021451600501529666,0.6281179393443898,0.940082736172865,0.6709391059726476,0.4108136375740795,0.0751740010993924,0.3356396364746871,0.49811581116440207,0.10659570703656522,0.20710856586332657,0.0018566872459891619,0.0
ood_inverted,pre_softmax,8,8.0,0.6022412443087887,0.023158371123520424,0.6022965617149167,0.9282018312180241,0.6814019571989774,0.3575857894977846,0.06804955567200496,0.28953623382577964,0.44476291752435937,0.09643756036248598,0.15417249076910983,0.0018108780608826161,0.0
ood_inverted,pre_softmax,8,12.0,0.3972755813908863,0.048456670209228475,0.3104514488061348,0.8990658310214922,0.6888145703822374,0.3274455151405018,0.0637881287535982,0.26365738638690356,0.4171452999470577,0.0903424264228477,0.11814601725853804,0.001828100858682713,0.0
ood_inverted,pre_softmax,8,16.0,0.5610362966441444,0.055894571442573135,0.5976088724950407,0.9204307876827427,0.6842709507420659,0.37291399146267146,0.06560183770469294,0.3073121537579786,0.46205620732480834,0.09289807428278148,0.16491548778435244,0.0019106190224863582,0.0
ood_inverted,pre_softmax,8,24.0,0.17922138705004934,0.046327114164273826,0.13770631009096213,0.20528402651912647,0.6979826765507459,0.24630325175015036,0.0628759000743592,0.1834273516757911,0.3371585237598934,0.08906845920382642,0.03430761706074979,0.0017599287722690673,0.0
ood_inverted,pre_softmax,16,0.0,0.9216328214411422,0.007137266323250741,0.9396391424702888,0.9917347862314168,0.6832096801325679,0.48472133816687724,0.06473689001028393,0.41998444815659325,0.555401249350158,0.09103546634421837,0.31980154540588823,0.003373545231103594,0.0
ood_inverted,pre_softmax,16,0.5,0.9142183421371023,0.009805615000765563,0.946378627560251,0.9913996104585276,0.6725786070898174,0.4947984418024097,0.07519026372049178,0.41960817808191797,0.5676075460124952,0.10589321523534098,0.3249105319788772,0.0035500435191769867,0.0
ood_inverted,pre_softmax,16,1.0,0.9197614095277611,0.007854066198234715,0.9520442999946827,0.9907931513546251,0.6741798593103885,0.4879144191207524,0.07294999545185978,0.41496442366889263,0.5614694454322136,0.1026701485694489,0.3162860243940101,0.003602971510818471,0.0
ood_inverted,pre_softmax,16,2.0,0.9276873467095388,0.0063710634290625534,0.9306636544414817,0.985087004661341,0.6735529455915092,0.47618416223632065,0.07268248199581785,0.4035016802405028,0.5555143580400644,0.10230319778643548,0.2910803720275855,0.003567478484376813,0.0
ood_inverted,pre_softmax,16,3.0,0.9145073714915573,0.0087986872137647,0.8589208016605397,0.9842938460010424,0.680115430764854,0.4470895629839239,0.06820570031801156,0.37888386266591234,0.5338772895280748,0.09594225176118991,0.2445848677142385,0.00348708028392873,0.0
ood_inverted,pre_softmax,16,5.0,0.8826405050631042,0.01155672530768115,0.800044978871114,0.9846285934639581,0.6874234577268361,0.43047324763639916,0.0644787905487321,0.3659944570876671,0.5161297462514682,0.09064356517813102,0.23060808420123807,0.0034276497468013305,0.0
ood_inverted,pre_softmax,16,8.0,0.8152798920150642,0.007565651660145946,0.678913726850441,0.9916267290653901,0.6892308392375707,0.3904347183871144,0.06820060017463087,0.32223411821248354,0.47846203081708605,0.09592352285051092,0.18503765605051375,0.003513780597577404,0.0
ood_inverted,pre_softmax,16,12.0,0.7047698963017717,0.019376760084258798,0.5548163091903437,0.9746060177181622,0.7042164353281261,0.36745541371735685,0.05250313084354848,0.31495228287380833,0.45646728568653083,0.07349208797201737,0.15976104578928407,0.0035288975437877887,0.0
ood_inverted,pre_softmax,16,16.0,0.794349846962384,0.018994033172842067,0.815172879313862,0.9712829255255597,0.694163322933018,0.3797129588998782,0.060212245270668506,0.31950071362920973,0.46455749791815376,0.08441297770267317,0.18174236785723524,0.003743869595990934,0.0
ood_inverted,pre_softmax,16,24.0,0.3463297396803367,0.040125671625371284,0.26513674379052643,0.18944598479042643,0.7104248880594968,0.27311325647151125,0.05470874369044569,0.2184045127810656,0.3683468558833246,0.07666746384882521,0.05090152451061366,0.0034717299875601433,0.0
